id,timestamp,acc_x,acc_y,acc_z,gyro_x,gyro_y,gyro_z
0,1778416121.108645,-0.15781409,0.44978234,0.9577388,-0.32925636,-0.38683042,0.2835942
1,1778416121.1187894,-0.2177566,0.46344167,0.9462137,-0.26007587,-0.08200866,0.33964106
2,1778416121.128966,-0.31825027,0.4974071,0.82577986,-0.08903361,0.08307768,0.4005749
3,1778416121.1390772,-0.39240095,0.4953338,0.73510385,0.04810564,-0.023823744,0.46746463
4,1778416121.149187,-0.39240095,0.4953338,0.73510385,0.04810564,-0.023823744,0.46746463
5,1778416121.1592925,-0.6388177,0.54875153,0.775716,0.29458976,-0.84650654,0.84803367
6,1778416121.1696773,-0.76967907,0.6149749,0.9439575,0.4289801,-1.0980303,0.9808969
7,1778416121.179802,-0.81968194,0.6307075,1.2471459,0.5749769,-1.1000156,1.148274
8,1778416121.1899161,-0.8267556,0.6155847,1.4719762,0.6543894,-0.8481864,1.289842
9,1778416121.200066,-0.8235237,0.5575325,1.7247958,0.7087564,-0.31047225,1.5677856
10,1778416121.2103298,-0.6935161,0.5232013,1.9020622,0.84559023,0.40882155,1.8452712
11,1778416121.2204597,-0.49539477,0.45374596,1.8817561,1.2021828,1.1511755,2.0189097
12,1778416121.2305622,-0.23562351,0.2119026,1.4391084,2.3306036,1.8481728,2.2459989
13,1778416121.2406483,-0.15775311,0.1314101,1.1727513,3.1453452,1.783421,2.2389739
14,1778416121.2507768,-0.15775311,0.1314101,1.1727513,3.1453452,1.783421,2.2389739
15,1778416121.2608838,-0.031892106,0.16025324,1.0120713,4.5594983,1.5199854,2.108096
16,1778416121.2710145,-0.031892106,0.16025324,1.0120713,4.5594983,1.5199854,2.108096
17,1778416121.281203,-0.09463967,0.34447134,0.96597105,5.0046663,1.236544,1.9135354
18,1778416121.291335,-0.09488358,0.4276469,0.8841979,5.130963,0.9439395,1.7406605
19,1778416121.3016117,-0.134642,0.5783874,0.95060426,5.225952,-0.09392053,1.5289958
20,1778416121.3117719,0.39776713,0.4345985,1.399411,4.4003677,-0.14385876,1.118647
21,1778416121.3218856,0.5537518,0.37581462,1.3252603,3.7475057,0.118966006,1.1965322
22,1778416121.3319905,0.73431116,0.22751327,1.3351998,2.7441595,0.48640144,1.3307699
23,1778416121.342087,0.73431116,0.22751327,1.3351998,2.7441595,0.48640144,1.3307699
24,1778416121.3522472,0.73431116,0.22751327,1.3351998,2.7441595,0.48640144,1.3307699
25,1778416121.362448,0.80279076,0.19019403,1.2218397,2.7441595,0.48640144,1.3307699
26,1778416121.3725975,0.7546782,0.172693,0.7191273,0.0032070426,1.9932534,1.4778358
27,1778416121.3827276,0.7455923,0.04451479,0.7097365,-1.4567609,2.0422752,1.6247488
28,1778416121.3929062,0.8101692,-0.08037054,0.4489896,-1.6497943,1.9252945,1.916437
29,1778416121.40304,0.8356585,-0.087992944,0.29623678,-1.6424639,1.4367551,2.0943515
30,1778416121.4131653,0.72284704,-0.0714066,0.25275865,-1.5274686,0.93324935,2.1242838
31,1778416121.4232767,0.75181216,-0.12720254,0.13573962,-1.4320209,0.46471575,2.1103866
32,1778416121.4334183,0.7241276,-0.15025267,0.06786981,-1.3231341,-0.10995574,2.0631974
33,1778416121.4435735,0.7090658,-0.17086363,-0.006829667,-1.2910637,-0.6769914,1.9569068
34,1778416121.4536815,0.7090658,-0.17086363,-0.006829667,-1.2910637,-0.6769914,1.9569068
35,1778416121.463901,0.7090658,-0.17086363,-0.006829667,-1.2910637,-0.6769914,1.9569068
36,1778416121.4741411,0.723152,-0.32038453,0.04847844,-1.4935656,-1.7854064,2.2484422
37,1778416121.4842713,0.7355917,-0.2842239,0.08470006,-1.4795157,-1.967597,2.5416577
38,1778416121.494387,0.7860215,-0.18226673,0.17098558,-1.400714,-2.0137172,2.6949847
39,1778416121.5045066,0.7860215,-0.18226673,0.17098558,-1.400714,-2.0137172,2.6949847
40,1778416121.51463,0.8325486,-0.0034758127,0.13714215,-1.0306823,-1.7528778,2.5399778
41,1778416121.524771,0.8294386,0.05640573,0.081346214,-0.8520043,-1.7249308,2.317928
42,1778416121.5348828,0.7803504,0.105493955,0.0019513334,-0.6151413,-1.7722728,2.0059288
43,1778416121.5449975,0.7382138,0.080614455,-0.029879792,-0.41370848,-1.8976529,1.7272215
44,1778416121.5551212,0.7382138,0.080614455,-0.029879792,-0.41370848,-1.8976529,1.7272215
45,1778416121.5654545,0.7382138,0.080614455,-0.029879792,-0.41370848,-1.8976529,1.7272215
46,1778416121.5756726,0.5937542,0.0033538544,0.053844605,-0.20540343,-2.0289888,1.64674
47,1778416121.5857852,0.5973519,-0.009695687,0.10061563,-0.18387043,-1.831374,1.7519615
48,1778416121.5960698,0.5850951,0.050185855,0.05847902,-0.1769982,-1.7421877,1.7777706
49,1778416121.6062133,0.579607,0.18129106,-0.1981823,-0.15027285,-1.8327484,1.7111863
50,1778416121.6163554,0.6333906,0.20025559,-0.4417331,-0.15027285,-1.8327484,1.7111863
51,1778416121.6264737,0.73010355,0.17379062,-0.47594243,0.11285736,-3.6096027,1.5236506
52,1778416121.6366246,0.93914014,0.22836697,-0.1589727,0.29733866,-4.699692,1.6891952
53,1778416121.6467574,1.214705,0.2876997,0.38983983,0.124005646,-5.4150147,1.9981402
54,1778416121.6569464,1.4617317,0.41904885,0.85700125,-0.3454443,-5.56315,2.21683
55,1778416121.66708,1.4617317,0.41904885,0.85700125,-0.3454443,-5.56315,2.21683
56,1778416121.6772454,2.0333505,0.75004375,1.8651698,-1.8577939,-4.733595,2.3701572
57,1778416121.6875722,2.242204,1.0544518,2.3551373,-2.0804543,-4.1618247,2.2142339
58,1778416121.697751,2.4313614,1.3427002,2.7615025,-1.8694004,-3.2682817,1.8070921
59,1778416121.7079346,2.4830105,1.4384986,2.8964496,-1.505172,-2.4115434,1.4462235
60,1778416121.7181358,2.4429474,1.4991728,2.7658322,-1.0175488,-1.5230398,1.1685852
61,1778416121.7282653,2.3249526,1.5706403,2.634056,-0.66446865,-0.8556695,1.0253373
62,1778416121.7383964,2.1704924,1.6138136,2.4475818,-0.35094208,-0.36651915,0.9274462
63,1778416121.7486598,1.9674928,1.6228385,2.2312887,0.21044308,0.08032878,0.75609845
64,1778416121.758772,1.644791,1.6361321,1.9468818,0.9650144,0.45356745,0.5421429
65,1778416121.76913,1.644791,1.6361321,1.9468818,0.9650144,0.45356745,0.5421429
66,1778416121.7793078,1.1750685,1.4416695,1.2512925,2.3651175,0.7171558,-0.20189096
67,1778416121.7895856,0.9831671,1.3161743,1.0518907,2.7850873,0.6750061,-0.39584067
68,1778416121.799762,0.8380977,1.1781785,0.96670276,3.073874,0.7287622,-0.54061574
69,1778416121.8098755,0.7192493,1.0335969,0.7704718,3.3611333,0.8176431,-0.6180429
70,1778416121.820004,0.55484945,0.8324875,0.5558861,3.9509237,1.1557571,-0.91706145
71,1778416121.83009,0.55484945,0.8324875,0.5558861,3.9509237,1.1557571,-0.91706145
72,1778416121.8401918,0.48149154,0.6135724,0.23787974,4.6523495,1.2301298,-1.2996159
73,1778416121.8502765,0.4732593,0.48710158,0.114153,5.0933943,1.0914634,-1.5036448
74,1778416121.860488,0.4732593,0.48710158,0.114153,5.0933943,1.0914634,-1.5036448
75,1778416121.8705976,0.4732593,0.48710158,0.114153,5.0933943,1.0914634,-1.5036448
76,1778416121.8807333,0.5263112,0.32160413,-0.014452063,5.8458276,0.6010914,-1.9254472
77,1778416121.8908834,0.5776557,0.23623328,-0.03164819,6.080858,0.3753767,-2.176513
78,1778416121.9010096,0.6390617,0.15433827,-0.00073175,6.144541,0.28817567,-2.3095288
79,1778416121.9111366,0.7206518,0.07982173,0.056771606,6.059936,0.22220223,-2.4836254
80,1778416121.9212475,0.88078314,0.08140719,0.19531627,5.4550266,0.5534439,-2.9984322
81,1778416121.9313462,0.8976134,0.090737,0.24239218,4.995045,0.79351395,-3.2919528
82,1778416121.9414625,0.85584265,0.10006681,0.25611252,4.5970664,0.9764681,-3.5227072
83,1778416121.951565,0.8114498,0.083053626,0.25830775,4.11601,1.1117748,-3.6754234
84,1778416121.9616568,0.74272627,0.10360361,0.2550149,3.768275,1.1775955,-3.6780195
85,1778416121.9719384,0.74272627,0.10360361,0.2550149,3.768275,1.1775955,-3.6780195
86,1778416121.9820273,0.60235226,0.16116793,0.23428197,2.9946141,0.93569285,-3.506672
87,1778416121.9924257,0.60235226,0.16116793,0.23428197,2.9946141,0.93569285,-3.506672
88,1778416122.0025182,0.3758756,0.18183987,0.25544173,2.32984,0.4822781,-3.4797938
89,1778416122.0127904,0.3758756,0.18183987,0.25544173,2.32984,0.4822781,-3.4797938
90,1778416122.0229032,0.2397701,-0.240014,0.5693625,1.1748465,0.030390546,-2.9868257
91,1778416122.0330625,0.16921718,-0.35514265,0.7337623,0.37965274,0.30757064,-2.2467623
92,1778416122.0431933,0.16921718,-0.35514265,0.7337623,0.37965274,0.30757064,-2.2467623
93,1778416122.0533257,-0.07488242,-0.3231286,0.82736534,-0.6614143,1.4934129,-0.52641314
94,1778416122.0634563,-0.12506826,-0.3635578,0.5714358,-0.85994554,1.9856175,0.4465425
95,1778416122.073551,-0.023476979,-0.51344454,0.22513509,-0.96776325,1.9468275,1.5682437
96,1778416122.083653,0.037990022,-0.5717407,0.08226089,-1.0535898,1.658041,2.2576053
97,1778416122.0937626,0.2672717,-0.7584589,-0.295627,-1.2425,0.5209153,3.562108
98,1778416122.1042678,0.2672717,-0.7584589,-0.295627,-1.2425,0.5209153,3.562108
99,1778416122.1143703,0.9082237,-0.910297,-0.18995011,-1.1210904,-1.3643675,5.1634912
100,1778416122.1245139,1.2405602,-0.93066406,-0.019330395,-0.79641557,-1.8472565,5.7786326
101,1778416122.1346285,1.513137,-0.86102587,0.0600035,-0.4558582,-1.8585575,6.116594
102,1778416122.1448925,1.6528404,-0.7850458,0.084761046,-0.2947425,-1.6447546,6.21815
103,1778416122.1550214,1.7508948,-0.6954674,0.07366284,-0.40882155,-1.2292136,6.2039475
104,1778416122.1652496,1.7622979,-0.61131614,-0.015915563,-0.84711736,-0.8205447,6.0474133
105,1778416122.1753721,1.7338817,-0.59290045,-0.05725944,-1.2814425,-0.60231316,5.9137864
106,1778416122.1856174,1.7107705,-0.61918247,-0.07305304,-1.6759088,-0.3733914,5.8765235
107,1778416122.1958055,1.7172954,-0.57503355,-0.14976484,-1.7986927,-0.25335637,5.908594
108,1778416122.2059171,1.6901597,-0.43337893,-0.26916206,-1.7150042,-0.37323865,5.857281
109,1778416122.2160373,1.7046115,-0.3017859,-0.2564174,-1.422247,-0.7318166,5.7450347
110,1778416122.2263057,1.7757744,-0.14805742,-0.1428132,-1.0111347,-1.0633637,5.6731057
111,1778416122.236451,1.8129716,0.032014064,-0.006829667,-0.69058317,-1.1893547,5.6575284
112,1778416122.2466154,1.8312653,0.33623913,0.014574022,-0.2950479,-1.1734722,5.2998667
113,1778416122.256888,1.7775427,0.55960584,0.08494398,0.0071776668,-1.0957395,4.6558623
114,1778416122.267203,1.6394858,0.66802675,0.110616215,0.18127427,-0.9243918,4.0193405
115,1778416122.2773278,1.4944165,0.6261341,0.0705529,0.30665436,-0.6780604,3.3001995
116,1778416122.2874506,1.3311143,0.58905876,-0.007927292,0.35521814,-0.49510628,2.8301387
117,1778416122.297542,1.2182418,0.5567398,-0.14104481,0.39706242,-0.5148067,2.545781
118,1778416122.3077278,1.211839,0.5307017,-0.22989148,0.44593164,-0.70081514,2.4397957
119,1778416122.3178751,1.2521462,0.5618011,-0.26574722,0.50885075,-1.0955868,2.4141395
120,1778416122.3280807,1.3851418,0.71479785,-0.24769738,0.54000485,-1.5648841,2.4032967
121,1778416122.3382123,1.5772262,0.9487749,-0.14915505,0.39354995,-2.1358902,2.2828035
122,1778416122.3484373,1.7520534,1.150433,0.0922005,0.071776666,-2.463467,2.079996
123,1778416122.35857,2.0036535,1.3118448,0.49551672,-0.47616947,-2.3689353,1.7076738
124,1778416122.3689156,2.1846397,1.486977,0.90529674,-1.0535898,-1.6928604,1.3118331
125,1778416122.3790672,2.2531192,1.6409494,1.1522014,-1.4117095,-0.8239045,0.8933904
126,1778416122.389221,2.3371487,1.7341865,1.2427554,-1.6059648,0.35414913,0.18616119
127,1778416122.3993464,2.3783095,1.665707,1.1292123,-1.4362969,1.1478158,-0.548557
128,1778416122.4095833,2.3922737,1.5665549,1.0460976,-1.1516337,1.320996,-0.9256136
129,1778416122.4196866,2.4096527,1.3122107,0.8480983,-0.25992316,1.1073459,-1.4034629
130,1778416122.4297972,2.4096527,1.3122107,0.8480983,0.6556111,0.547488,-1.7107282
131,1778416122.4399095,2.3516006,1.167751,0.9853624,2.2551618,-0.17913623,-2.4362833
132,1778416122.4500062,2.2623272,1.0514028,1.0199986,2.8834367,-0.14523321,-2.826779
133,1778416122.4602568,2.148845,0.94078666,0.99237496,3.215289,0.0421497,-3.1076243
134,1778416122.4703677,2.148845,0.94078666,0.99237496,3.215289,0.0421497,-3.1076243
135,1778416122.4807227,1.9908478,0.7838872,0.9476772,3.3735032,0.43799037,-3.4119878
136,1778416122.4908774,1.841449,0.60015696,0.8851736,3.2531629,0.9776898,-3.6377025
137,1778416122.5009887,1.689123,0.45240447,0.799071,2.8788552,1.8782579,-3.865097
138,1778416122.5111513,1.6086304,0.3582526,0.7391285,2.8788552,1.8782579,-3.865097
139,1778416122.5212781,1.4563655,0.09085896,0.53649473,2.7247643,2.588236,-3.912592
140,1778416122.5314105,1.4563655,0.09085896,0.53649473,2.7247643,2.588236,-3.912592
141,1778416122.5416062,1.4366082,-0.023537958,0.3523986,3.1343496,2.4992025,-4.0367503
142,1778416122.5517116,1.4290468,-0.10153031,0.3466056,3.467424,2.266921,-4.1861067
143,1778416122.5618067,1.378739,-0.17994952,0.35648423,3.7119226,2.1340578,-4.404033
144,1778416122.5719137,1.407765,-0.2681864,0.35160586,3.7803395,2.0299053,-4.541936
145,1778416122.582012,1.4352666,-0.32416525,0.40532854,3.7276525,1.9420934,-4.6725082
146,1778416122.5921361,1.4352666,-0.32416525,0.40532854,3.7276525,1.9420934,-4.6725082
147,1778416122.6022594,1.4841111,-0.4610025,0.47600338,3.4460435,2.0845776,-5.0083313
148,1778416122.6126738,1.4841111,-0.4610025,0.47600338,3.4460435,2.0845776,-5.0083313
149,1778416122.6228747,1.3733728,-0.71132195,0.28922418,3.1024318,2.2974641,-5.2957435
150,1778416122.63301,1.2878801,-0.79577816,0.20391434,3.1024318,2.2974641,-5.2957435
151,1778416122.643141,1.2878801,-0.79577816,0.20391434,3.1586316,1.9365956,-5.276043
152,1778416122.6533453,1.0013999,-0.96792233,0.023111105,3.258508,1.617724,-5.0549097
153,1778416122.663534,0.90175986,-0.94847,-0.023294043,3.2904255,1.3836098,-4.875621
154,1778416122.6736593,0.6859547,-0.8362074,-0.050429773,3.2592716,0.9448558,-4.5834746
155,1778416122.683924,0.55167854,-0.81218153,-0.014086187,3.076012,0.7602218,-4.3678393
156,1778416122.6940393,0.38666892,-0.73888457,0.00512225,2.7437012,0.7958047,-4.129602
157,1778416122.7041483,0.077260606,-0.5944859,-0.04085604,2.4857633,0.86483246,-4.0057487
158,1778416122.7145805,0.077260606,-0.5944859,-0.04085604,2.4857633,0.86483246,-4.0057487
159,1778416122.7247913,-0.3139817,-0.8929789,-0.07549221,1.1742357,0.79275036,-2.770274
160,1778416122.7349193,-0.49716315,-0.9439575,-0.032197,0.27229318,0.88606006,-1.5497651
161,1778416122.7450526,-0.58881485,-0.872124,0.020732917,-0.5673411,0.944245,-0.0143553335
162,1778416122.7551744,-0.5830218,-0.8252311,0.08463909,-0.92011577,1.0140363,0.9363037
163,1778416122.7653117,-0.30459094,-0.8239506,0.105493955,-1.2783883,1.1540772,3.122896
164,1778416122.7754204,0.017927876,-0.85541576,0.08646846,-1.3168727,1.1389582,4.0190353
165,1778416122.785527,0.5435683,-0.85755,-0.04634417,-1.3518448,0.9068295,5.3991323
166,1778416122.7956457,0.9114556,-0.85273266,-0.16257046,-1.2594514,0.4625777,6.031378
167,1778416122.805759,1.1016496,-0.8875518,-0.2122075,-1.1281154,0.14844026,6.2523584
168,1778416122.8159935,1.3921543,-0.93914014,-0.28202865,-0.8355109,-0.4175264,6.490749
169,1778416122.826119,1.6366808,-0.95883644,-0.30812773,-0.56046885,-0.9822713,6.672023
170,1778416122.83632,1.873341,-0.8756608,-0.28324825,-0.39629883,-1.4740179,6.869027
171,1778416122.846438,1.9892014,-0.749312,-0.17842504,-0.39461896,-1.7683022,6.971347
172,1778416122.8565652,2.0412776,-0.62869525,0.19909698,-0.473726,-1.5711454,6.9565334
173,1778416122.866684,2.013959,-0.5800948,0.354106,-0.48579058,-0.95478237,6.9637113
174,1778416122.876988,1.9660904,-0.4982608,0.30221277,-0.45280385,-0.08536842,6.9682927
175,1778416122.8873227,2.0646327,-0.25806385,0.04744179,-0.33292156,0.42760566,6.767165
176,1778416122.8974771,2.0806093,0.034758125,-0.26324704,-0.09101892,0.2947425,6.281222
177,1778416122.9076066,2.013715,0.27422333,-0.4667955,0.32895094,-0.3578143,5.5982747
178,1778416122.9177086,1.8577913,0.42941532,-0.4306349,0.9950995,-1.4133894,4.769025
179,1778416122.9279206,1.6411322,0.4876504,-0.14415476,1.5117388,-2.0665572,4.163352
180,1778416122.9380934,1.3931301,0.524116,0.21989086,1.7041613,-1.9230038,3.790877
181,1778416122.9484289,1.2236689,0.5527152,0.3264215,1.6271923,-1.1760683,3.548058
182,1778416122.9585464,1.1328709,0.60424256,0.19123067,1.4277447,-0.59971696,3.396716
183,1778416122.968865,1.1306758,0.71107805,0.0086590415,1.1001683,-0.27962357,3.2108605
184,1778416122.979017,1.1695194,0.91395575,-0.18049833,0.7506007,-0.3417791,2.8582385
185,1778416122.98928,1.2046435,1.0059733,-0.21184163,0.43371433,-0.5198463,2.4475844
186,1778416122.9997175,1.2450726,1.045061,-0.1504356,0.012064588,-0.73838335,1.9033034
187,1778416123.0098588,1.2655616,1.0062782,-0.035489876,-0.3022256,-0.7826711,1.5467108
188,1778416123.0199623,1.4201438,0.9435306,0.08738314,-0.91599244,-0.5224425,1.2852604
189,1778416123.03037,1.4201438,0.9435306,0.08738314,-0.91599244,-0.5224425,1.2852604
190,1778416123.040489,1.8214477,1.2015945,0.10329871,-0.9784534,-0.7333437,1.1007792
191,1778416123.0506165,1.8214477,1.2015945,0.10329871,-0.9784534,-0.7333437,1.1007792
192,1778416123.060727,2.3687358,1.4359374,0.2769064,-0.92271197,-0.90133166,0.708451
193,1778416123.0708246,2.5666742,1.4330105,0.3720339,-1.019076,-0.6937902,-0.677755
194,1778416123.0809586,2.5666742,1.4330105,0.3720339,-1.019076,-0.6937902,-0.677755
195,1778416123.0910823,2.891998,1.0459757,0.47575948,-1.1410962,-0.38820487,-1.2927436
196,1778416123.1013784,2.891998,1.0459757,0.47575948,-1.2040154,0.10399981,-1.9326249
197,1778416123.1115103,3.0285304,0.77376467,0.41465837,-1.1355985,0.4098906,-2.307238
198,1778416123.1216211,3.0746915,0.5560691,0.29465136,-0.93401295,0.5522222,-2.6210701
199,1778416123.1318362,3.018591,0.4463675,0.24007498,-0.72143185,0.41218132,-2.877939
200,1778416123.1419377,2.7629662,0.26708874,0.45124584,-0.35430184,0.4427246,-3.303712
201,1778416123.1520617,2.5285623,0.20367043,0.56393534,-0.21670444,0.8025242,-3.4513886
202,1778416123.1621559,2.2486677,0.12543415,0.57954603,-0.049785517,1.4323263,-3.633121
203,1778416123.1722429,1.9429792,0.046588086,0.5023464,0.14263703,2.058463,-3.7969856
204,1778416123.1826053,1.9429792,0.046588086,0.5023464,0.14263703,2.058463,-3.7969856
205,1778416123.1927385,1.6936964,-0.022196416,0.3972183,0.32986724,2.4613287,-3.8777726
206,1778416123.2028577,1.1777517,-0.12561709,0.12055582,0.84238315,2.7661505,-3.8776197
207,1778416123.2129676,0.9598121,-0.15244792,0.03298973,1.1675162,2.6571112,-3.8111882
208,1778416123.2232435,0.9598121,-0.15244792,0.03298973,1.1675162,2.6571112,-3.8111882
209,1778416123.233371,0.6782713,-0.15378946,-0.025306353,1.7705929,2.213623,-3.650378
210,1778416123.243494,0.6782713,-0.15378946,-0.025306353,1.7705929,2.213623,-3.650378
211,1778416123.2536917,0.5468612,-0.131715,0.007622396,2.149024,2.0126483,-3.540575
212,1778416123.2637916,0.53240913,-0.073175006,0.005427146,2.250122,1.9746219,-3.5870006
213,1778416123.2738872,0.49594358,-0.04049017,0.011647021,2.2702806,1.9683605,-3.749949
214,1778416123.2839775,0.50423676,-0.046832,0.023355022,2.240043,1.9588921,-3.8658607
215,1778416123.2940915,0.52783567,-0.05799119,0.058844898,2.0948095,1.9958495,-4.0894375
216,1778416123.3042293,0.55905706,-0.08866371,0.07152857,1.9126191,2.0137172,-4.246735
217,1778416123.314357,0.5918638,-0.1042134,0.11238461,1.7867808,2.0529654,-4.3664646
218,1778416123.3244555,0.6465621,-0.12226323,0.13073933,1.702176,2.1256583,-4.502535
219,1778416123.3345852,0.69016224,-0.09884723,0.16982698,1.6978999,2.1534526,-4.583322
220,1778416123.3448067,0.6549163,-0.073845774,0.22287886,1.7486018,2.2809708,-4.680297
221,1778416123.3549268,0.65003794,-0.10842097,0.23135497,1.8354974,2.4349089,-4.6955686
222,1778416123.3650587,0.6313783,-0.102140106,0.20757309,1.9306396,2.569452,-4.5947757
223,1778416123.3751771,0.5557031,-0.0073175007,0.052076213,2.017077,2.5170703,-4.535827
224,1778416123.3853252,0.49954134,0.03439225,-0.071467586,2.1178699,2.1474967,-4.4321327
225,1778416123.3954947,0.4953338,-0.04116094,-0.091956586,2.1853704,1.6563611,-4.180151
226,1778416123.405605,0.48576006,-0.063540295,-0.05189327,2.1789563,1.318858,-3.8171442
227,1778416123.415706,0.4103898,-0.046832,-0.026403978,2.0821342,1.0202976,-3.5708127
228,1778416123.4258,0.35776478,-0.17000991,0.020245085,1.8365663,0.75151694,-3.2261322
229,1778416123.4358995,0.34227607,-0.37307054,0.11933623,1.3972015,0.66737026,-2.5954137
230,1778416123.4460082,0.2903828,-0.4425868,0.19775544,0.799928,0.839787,-1.6505579
231,1778416123.456127,0.22190319,-0.38057098,0.21854934,0.33215797,1.071763,-0.7622071
232,1778416123.466236,0.18568157,-0.34752026,0.17470531,-0.05421429,1.3588698,0.33964106
233,1778416123.476476,0.17872995,-0.39301074,0.072870106,-0.16142114,1.4947872,1.1986703
234,1778416123.4865904,0.2300744,-0.46996644,-0.13019052,-0.1217149,1.4080443,2.3115141
235,1778416123.4967172,0.32483602,-0.47246656,-0.35672814,-0.025961773,0.914618,3.3156238
236,1778416123.507036,0.41545108,-0.46344167,-0.45685592,0.052839845,0.45112398,3.8267653
237,1778416123.5172865,0.6143041,-0.5017976,-0.5371655,0.30589077,-0.61727935,4.646241
238,1778416123.5275047,0.9247491,-0.6125967,-0.49484593,0.58459806,-1.4147639,5.209917
239,1778416123.5376146,1.1407983,-0.6714416,-0.36105764,0.75945824,-1.9353738,5.780007
240,1778416123.5478644,1.3559328,-0.71845657,-0.12854409,0.70356405,-2.019215,6.4278297
241,1778416123.557987,1.5824094,-0.70376056,0.0140252095,0.452193,-1.7234036,6.9495087
242,1778416123.5681157,1.926088,-0.49033347,0.112140685,-0.037415497,-1.077719,7.348098
243,1778416123.5782497,2.0717063,-0.26092985,0.093664,-0.5508477,-0.39599338,7.2918983
244,1778416123.5884626,2.1027446,-0.11976309,0.009024917,-0.8374963,-0.13515393,7.0993233
245,1778416123.598586,2.0479853,-0.053051874,-0.045124583,-1.2035573,0.07895433,6.6298733
246,1778416123.6087053,2.0164592,0.0023781876,-0.12269009,-1.1867584,0.014966198,6.417903
247,1778416123.618816,1.926271,0.19238928,-0.20671937,-0.7985536,-0.37812558,6.039014
248,1778416123.628935,1.7983366,0.41831708,-0.15214302,-0.1217149,-1.0259482,5.5602484
249,1778416123.6391487,1.6292413,0.5166765,-0.0056710625,0.27259862,-1.3008375,5.126381
250,1778416123.6492696,1.4416695,0.5702772,0.15671647,0.43569964,-1.1498011,4.8484373
251,1778416123.6595407,1.1811055,0.69266236,0.065491624,0.3735441,-0.58169645,4.2308526
252,1778416123.669644,1.1811055,0.69266236,0.065491624,0.3735441,-0.58169645,4.2308526
253,1778416123.6797721,1.1306758,0.8849907,-0.052686002,0.35720345,-0.56245416,3.8076758
254,1778416123.6898785,1.0823191,0.9970094,-0.118360564,0.37583485,-0.742354,3.218649
255,1778416123.7000647,0.96603197,0.9757277,-0.07305304,0.42317688,-1.0626001,2.435825
256,1778416123.710182,0.9192609,0.93340814,-0.0512225,0.41615194,-1.1675162,2.1653645
257,1778416123.7203138,0.8730997,0.9101141,-0.018842563,0.33857206,-1.302212,1.885741
258,1778416123.7304213,0.86407477,0.90730906,0.028904125,0.1414153,-1.3072516,1.7066047
259,1778416123.7405553,0.94182324,0.88053924,0.07835823,-0.23884831,-1.1895074,1.577254
260,1778416123.750661,1.118053,0.9204195,0.1203119,-1.1073459,-0.72051555,1.3077098
261,1778416123.7607865,1.2653787,1.0031683,0.10366459,-1.4446963,-0.6800457,1.1533136
262,1778416123.7709007,1.490087,1.0873805,0.16750978,-1.6647605,-0.7247916,1.0097603
263,1778416123.7810495,1.490087,1.0873805,0.16750978,-1.6647605,-0.7247916,1.0097603
264,1778416123.7912831,1.7288203,1.1625679,0.30282256,-1.8309158,-0.68294734,0.73746705
265,1778416123.8015254,1.8865125,1.2323279,0.4113045,-1.826029,-0.54428095,0.41829
266,1778416123.8117912,2.0329235,1.2981855,0.50472456,-1.6659822,-0.27763826,-0.106595986
267,1778416123.8220425,2.110489,1.2767208,0.52350616,-1.4559973,-0.034055736,-0.6113234
268,1778416123.8321402,2.3250136,0.8786488,0.42343935,-0.64919704,0.21563543,-1.5978707
269,1778416123.8422577,2.4767299,0.67607605,0.35160586,-0.30008754,0.107665,-1.6823229
270,1778416123.8525088,2.4767299,0.67607605,0.35160586,-0.30008754,0.107665,-1.6823229
271,1778416123.8626425,2.6711314,0.59991306,0.36935082,0.35613444,-0.21563543,-1.7443258
272,1778416123.8727725,2.6497889,0.65229416,0.46057564,0.48487428,-0.064446285,-1.9289597
273,1778416123.8828733,2.540514,0.6617459,0.5256404,0.3837761,0.4280638,-2.2576053
274,1778416123.8933356,2.3839805,0.6141212,0.53039676,0.20357084,0.9766208,-2.5266914
275,1778416123.9034414,2.046522,0.50210243,0.45252642,-0.038331795,1.7919732,-2.8215866
276,1778416123.9135444,2.046522,0.50210243,0.45252642,-0.038331795,1.7919732,-2.8215866
277,1778416123.9237921,1.8564497,0.44612357,0.38794947,-0.10277808,2.1131356,-2.9048169
278,1778416123.933897,1.3269677,0.29983455,0.15000875,0.061391957,2.5404358,-2.8643472
279,1778416123.9439993,1.1729343,0.2564174,0.07982173,0.3652974,2.4422393,-2.7475193
280,1778416123.9541194,1.0636597,0.28080907,0.043600105,0.75228053,2.270128,-2.6427557
281,1778416123.9642177,0.9968264,0.3091034,0.02420873,1.1166617,2.0920608,-2.6186266
282,1778416123.9743574,0.94273794,0.33886123,0.021830542,1.3483323,1.9726366,-2.6713138
283,1778416123.9844902,0.8995037,0.36819223,0.026160065,1.5612189,1.9098701,-2.8179214
284,1778416123.9946008,0.8852955,0.36233822,0.023355022,1.6762142,1.9092593,-2.9536862
285,1778416124.0047302,0.8712093,0.34191018,0.03811198,1.7324139,1.9523253,-3.0691397
286,1778416124.0149724,0.8712093,0.34191018,0.03811198,1.7741054,2.1135938,-3.2418618
287,1778416124.0250762,0.7773624,0.27611366,0.008720021,1.7887661,2.2774584,-3.4448218
288,1778416124.0352178,0.7440069,0.20495099,-0.0024391667,1.7708983,2.3860397,-3.5926511
289,1778416124.045407,0.7544343,0.12836114,-0.0190255,1.7777706,2.434298,-3.665955
290,1778416124.0555556,0.77589893,0.097200796,-0.004817354,1.8112154,2.4147503,-3.7067304
291,1778416124.0656557,0.79486346,0.06305246,-0.00079272914,1.8723019,2.3878722,-3.7722456
292,1778416124.0757844,0.82876784,-0.005732042,-0.014086187,1.9595029,2.2763894,-3.839288
293,1778416124.0859082,0.82834107,-0.036343586,0.013781292,2.0587685,2.0442605,-3.8504364
294,1778416124.0960298,0.8129743,-0.06695513,0.06658925,2.2018638,1.8240436,-3.8437169
295,1778416124.106157,0.80626655,-0.10006681,0.09256637,2.2950208,1.6450601,-3.758043
296,1778416124.1163268,0.77876496,-0.061893854,0.13769096,2.331978,1.3590225,-3.542255
297,1778416124.126435,0.76547146,-0.017927876,0.18025441,2.3672554,1.151481,-3.4083226
298,1778416124.13656,0.79809535,0.03091644,0.2464778,2.3452644,0.93569285,-3.2994359
299,1778416124.1467524,0.81626713,0.07591906,0.34245902,2.1424572,0.8512407,-3.264464
300,1778416124.1568778,0.7711426,0.112750486,0.45819747,1.8580993,1.0409144,-3.3053918
301,1778416124.1669996,0.7165052,0.04750277,0.4753326,1.6326901,1.258077,-3.2942436
302,1778416124.1771545,0.69583327,-0.13183697,0.49887055,1.3729197,1.5140295,-3.1004465
303,1778416124.1873248,0.620524,-0.25849068,0.50722474,1.2027937,1.7973182,-2.8021915
304,1778416124.197471,0.44124526,-0.30715206,0.45466065,1.0242683,2.2566888,-2.1255057
305,1778416124.2077339,0.25556368,-0.29891986,0.36581403,0.91889405,2.4721715,-1.5025758
306,1778416124.217848,0.14263028,-0.28776067,0.30050534,0.8546005,2.6500862,-0.75655663
307,1778416124.2279687,0.07689473,-0.2822116,0.12366576,0.84696466,2.7433958,0.3680463
308,1778416124.238113,0.046527103,-0.18952326,-0.112750486,0.8512407,2.5072963,1.555721
309,1778416124.2482293,0.07500438,-0.08652944,-0.28904125,0.84238315,1.9179641,2.5827382
310,1778416124.2583477,0.19537725,-0.051771317,-0.3996575,0.8144361,1.2947289,3.3064609
311,1778416124.268478,0.39294976,-0.05768629,-0.36581403,0.7696902,0.52931476,4.1366267
312,1778416124.2786617,0.62015814,-0.043600105,-0.2704426,0.7787005,0.047036625,4.719545
313,1778416124.288804,0.75254387,-0.031892106,-0.21751268,0.8917105,-0.10064005,4.939609
314,1778416124.2989345,0.8484031,-0.090919934,-0.22476922,0.998612,-0.098807454,4.9544225
315,1778416124.309108,0.88127095,-0.16263144,-0.24538018,1.0545062,-0.0786489,4.9612947
316,1778416124.3193448,0.9456039,-0.30215177,-0.27349156,1.0303769,0.020463986,5.150052
317,1778416124.329667,1.0290844,-0.34136137,-0.3275801,0.8006916,0.08933904,5.446169
318,1778416124.339777,1.1454327,-0.2494048,-0.392279,0.4596761,0.08536842,5.667302
319,1778416124.3498895,1.2371453,-0.13208087,-0.4195977,0.11224649,-0.018936822,5.675549
320,1778416124.3600473,1.2531829,-0.017013188,-0.38923004,-0.18768835,-0.14034629,5.479003
321,1778416124.3701694,1.091832,0.023111105,-0.1393374,-0.42577308,-0.18616119,5.2267156
322,1778416124.3802962,1.091832,0.023111105,-0.1393374,-0.7360926,-0.07727446,4.9400673
323,1778416124.3906143,0.9842648,0.011220166,-0.021586625,-0.95432425,0.23136522,4.7714686
324,1778416124.4007041,0.910541,0.17568098,-0.19306004,-0.77091193,0.63071835,4.443434
325,1778416124.4108334,0.910541,0.17568098,-0.19306004,-0.77091193,0.63071835,4.443434
326,1778416124.420945,0.8490739,0.29587093,-0.33800754,-0.44440445,0.36102137,4.0225477
327,1778416124.4310722,0.65479434,0.31568915,-0.4896627,0.55863625,-1.0088439,2.9729285
328,1778416124.4412172,0.65479434,0.31568915,-0.4896627,0.55863625,-1.0088439,2.9729285
329,1778416124.4513419,0.5896686,0.2748941,-0.439111,0.9595166,-1.6044376,2.6584857
330,1778416124.4614484,0.6009497,0.24605095,-0.24147749,1.3329079,-2.010663,2.4987442
331,1778416124.4715726,0.7093707,0.2932488,-0.21879324,1.318858,-1.9550742,2.5185974
332,1778416124.48168,0.9260297,0.3477642,-0.187328,1.1814134,-1.9048306,2.5824327
333,1778416124.491793,1.1217728,0.47039333,-0.18738899,1.0668762,-1.86207,2.62275
334,1778416124.5021427,1.1217728,0.47039333,-0.18738899,1.0668762,-1.86207,2.62275
335,1778416124.512248,1.6077157,0.78407013,-0.1273245,0.8060367,-2.080149,2.5051584
336,1778416124.5223644,1.6077157,0.78407013,-0.1273245,0.8060367,-2.080149,2.5051584
337,1778416124.5326076,1.9856037,0.94310385,0.09890821,0.50488013,-2.2003367,2.4223862
338,1778416124.5427258,2.6827786,1.3180648,0.6977236,-0.052381694,-1.1614076,2.01219
339,1778416124.5528293,2.9254146,1.4477065,0.8151695,-0.16325374,-0.5120578,1.5847372
340,1778416124.5629497,3.0802407,1.4470357,0.7829725,-0.105068825,0.14950927,0.8266534
341,1778416124.5730994,3.125914,1.3445296,0.70851696,0.11942416,0.4352415,0.17134771
342,1778416124.5832021,3.1005468,1.1016496,0.62351197,0.5888741,0.48915035,-0.45845437
343,1778416124.5933359,3.1005468,1.1016496,0.62351197,0.5888741,0.48915035,-0.45845437
344,1778416124.6034393,2.8080297,0.8170599,0.5426536,1.7127135,0.23304509,-1.1088731
345,1778416124.613648,2.8080297,0.8170599,0.5426536,1.7127135,0.23304509,-1.1088731
346,1778416124.6238008,2.6471057,0.7660203,0.5406413,1.9935588,0.17363845,-1.2536482
347,1778416124.6339612,2.3785534,0.7043704,0.5716797,2.4080307,0.21105394,-1.5648841
348,1778416124.6440861,1.893708,0.561923,0.55686176,2.7507262,0.7191411,-2.1610885
349,1778416124.6542034,1.618631,0.43283013,0.4905774,2.8832839,0.9042333,-2.362674
350,1778416124.6643372,1.3738606,0.3047129,0.42752492,3.0584495,1.0467176,-2.517223
351,1778416124.6744666,1.1695803,0.20287769,0.37252176,3.2268956,1.108415,-2.577546
352,1778416124.6846669,1.0337799,0.14494748,0.3392881,3.3370042,1.1175779,-2.6056457
353,1778416124.6947958,0.8981012,0.098725274,0.3196528,3.423747,1.0735956,-2.6395488
354,1778416124.7050102,0.7977295,0.06811373,0.34062964,3.4814737,1.0334313,-2.6745207
355,1778416124.7152195,0.7528488,0.05549104,0.34136137,3.517362,1.035722,-2.7151432
356,1778416124.725348,0.71870047,0.052076213,0.33617815,3.5479054,1.0149527,-2.8047879
357,1778416124.7354395,0.66577053,0.059515666,0.37282664,3.5217907,1.0235047,-2.9965994
358,1778416124.7455456,0.6629045,0.022501312,0.3910594,3.4206927,1.122923,-3.2145257
359,1778416124.7556715,0.67314905,-0.007683375,0.4077067,3.2911892,1.2104294,-3.3562465
360,1778416124.7658043,0.69089395,-0.039270584,0.4545387,3.1108313,1.3645202,-3.5390477
361,1778416124.775975,0.6982724,-0.054881252,0.4735642,2.9552133,1.5509869,-3.6839755
362,1778416124.7861054,0.7156515,-0.10122541,0.4616733,2.7585146,1.7594446,-3.8125627
363,1778416124.7962246,0.69857734,-0.1167751,0.4603317,2.6093109,1.9182696,-3.9112175
364,1778416124.8063438,0.69601625,-0.14311811,0.44886765,2.5717428,2.0523546,-3.9901717
365,1778416124.816485,0.6972968,-0.15976542,0.4226466,2.603355,2.1125247,-4.010025
366,1778416124.82664,0.7356527,-0.13793488,0.39465716,2.6655104,2.1218405,-3.9971967
367,1778416124.8367867,0.73175,-0.058540005,0.36404565,2.7644706,2.1116085,-4.0312524
368,1778416124.846892,0.72553015,0.03207504,0.34020278,2.843425,2.0350976,-4.099364
369,1778416124.8569949,0.6935161,0.112567544,0.33739772,2.883742,1.9601139,-4.1573963
370,1778416124.867104,0.63625664,0.15507002,0.3738023,2.8576276,1.8819231,-4.163352
371,1778416124.877239,0.5633255,0.15909465,0.4013039,2.7808113,1.924531,-4.1099014
372,1778416124.8873699,0.5057612,0.14159364,0.39679146,2.7301095,1.9827158,-3.9942951
373,1778416124.8974984,0.40612125,0.1411058,0.3606308,2.683531,2.0228803,-3.7038288
374,1778416124.9076571,0.3392881,0.06305246,0.2976393,2.580142,1.9101756,-3.1853569
375,1778416124.9177666,0.33087295,0.02792846,0.2872119,2.504853,1.7805195,-2.7504208
376,1778416124.9279628,0.31678677,0.071772486,0.2787358,2.3687828,1.5861117,-1.9344575
377,1778416124.9380636,0.35764283,0.10872585,0.25013652,2.2542455,1.3494014,-1.1029172
378,1778416124.9481945,0.48478436,0.039941356,0.25544173,2.1896465,1.1475104,-0.16646078
379,1778416124.9583194,0.6810154,0.022196416,0.2294646,2.0862575,0.97585726,0.88163126
380,1778416124.9685295,0.9140168,0.100432694,0.20190202,1.8973475,0.83001316,1.72264
381,1778416124.978667,1.0787215,0.13537374,0.18549863,1.6102408,0.7425067,2.1781929
382,1778416124.9888422,1.1176872,0.11098208,0.19037697,1.4147639,0.71578133,2.3012822
383,1778416124.9989727,1.1214678,-0.051283482,0.23312336,1.0902418,0.8454375,2.3988678
384,1778416125.009103,1.0463415,-0.25940537,0.21330512,0.9631818,1.1079569,2.5314255
385,1778416125.0193121,0.9946922,-0.38953492,0.17580293,0.914618,1.314582,2.7586675
386,1778416125.029484,0.92700535,-0.5827169,0.08384635,0.86177814,1.4813483,3.087313
387,1778416125.0396063,0.8963937,-0.6984554,-0.03597771,0.7486154,1.5870279,3.6012034
388,1778416125.049711,0.9004794,-0.763947,-0.15281379,0.5731443,1.5267049,4.1670175
389,1778416125.0598352,1.0117054,-0.7408359,-0.23172083,0.38056904,1.3336716,4.676479
390,1778416125.0699482,1.2017775,-0.45606318,-0.3445323,0.29917124,1.0545062,4.9350276
391,1778416125.080153,1.2017775,-0.45606318,-0.3445323,0.3651447,0.7669413,4.918076
392,1778416125.0902495,1.2034239,-0.22397648,-0.31483543,0.7863363,0.19043724,4.427246
393,1778416125.1003938,1.2034239,-0.22397648,-0.31483543,0.97433007,0.118202426,4.2184825
394,1778416125.1107862,1.1381761,-0.19452354,-0.22233005,0.97433007,0.118202426,4.2184825
395,1778416125.1210654,1.0989056,-0.19732858,-0.1861694,1.0435106,0.19013181,4.1885505
396,1778416125.131188,1.0110346,-0.11988505,-0.24464841,1.0564915,0.34330627,4.172668
397,1778416125.1413,0.94243306,0.17519315,-0.4242321,1.0207558,0.1226312,3.6392298
398,1778416125.1515813,0.94243306,0.17519315,-0.4242321,1.0207558,0.1226312,3.6392298
399,1778416125.1616955,0.86102587,0.24836816,-0.4511239,1.0861185,-0.15897769,3.1867313
400,1778416125.1719575,0.70943165,0.21434177,-0.44014767,1.1693488,-0.6516405,2.7043004
401,1778416125.1821406,0.6949796,0.22415942,-0.41728044,1.2263119,-0.9957104,2.6603181
402,1778416125.1922445,0.7458972,0.24611193,-0.37672928,1.310306,-1.2722796,2.7264442
403,1778416125.202344,0.94633573,0.3340439,-0.21409786,1.3495541,-1.600467,2.9604056
404,1778416125.2126186,1.1156139,0.41447538,-0.13006857,1.2831224,-1.6603317,3.1506903
405,1778416125.222811,1.1156139,0.41447538,-0.13006857,1.2831224,-1.6603317,3.1506903
406,1778416125.2329586,1.4779521,0.64351314,-0.006829667,1.1244502,-1.6172657,3.268587
407,1778416125.243187,1.9159044,0.94414043,0.10207913,0.8032878,-1.5021176,3.2304082
408,1778416125.2533839,2.5777724,1.5410655,0.5564349,0.26236662,-0.9085093,2.5245533
409,1778416125.2639039,2.5777724,1.5410655,0.5564349,0.26236662,-0.9085093,2.5245533
410,1778416125.2740202,2.8196156,1.7478458,0.69266236,0.25518894,-0.39721513,1.9967657
411,1778416125.2841413,2.8901687,1.832668,0.73028654,0.81214535,0.86666507,-0.076052725
412,1778416125.2942755,2.7557707,1.5335652,0.5069198,1.2667818,1.2330315,-1.1592696
413,1778416125.304415,2.5661254,1.1852521,0.28208962,1.7208074,1.258077,-1.74738
414,1778416125.314659,2.435203,1.0105468,0.11726294,2.069917,1.0450377,-1.8979583
415,1778416125.32498,2.3612354,0.92944443,-0.008963938,2.331978,0.7119634,-1.939039
416,1778416125.3351088,2.3175743,0.9308469,-0.05939371,2.4807239,0.24190263,-2.0709858
417,1778416125.3452153,2.3175743,0.9308469,-0.05939371,2.4327707,-0.010079277,-2.3657284
418,1778416125.3553202,2.2269592,0.8382196,0.15848486,2.1704042,0.09865474,-2.6994135
419,1778416125.3654597,2.1112208,0.7356527,0.24855109,1.758681,0.5193882,-2.9969049
420,1778416125.375616,1.9702978,0.6490623,0.27099144,1.391551,0.95905846,-3.207806
421,1778416125.3857481,1.7643102,0.52490866,0.2666619,1.0114402,1.4966198,-3.4406984
422,1778416125.3958895,1.5905195,0.40801162,0.25391725,0.7870999,1.9645426,-3.5992181
423,1778416125.4059982,1.355384,0.25068536,0.19885308,0.7666359,2.302351,-3.6560285
424,1778416125.4161084,1.232084,0.18677919,0.13159303,0.8923214,2.4294112,-3.646102
425,1778416125.4262266,1.1455547,0.16336319,0.09555435,1.1253664,2.425746,-3.6398406
426,1778416125.4363492,1.0247549,0.114153,0.03744121,1.512655,2.3006713,-3.6525161
427,1778416125.4464536,0.96560514,0.08585867,0.018842563,1.8365663,2.1094704,-3.6596937
428,1778416125.4565728,0.90352833,0.056161813,-0.007927292,2.2883012,1.7693712,-3.7772853
429,1778416125.4666908,0.8959059,0.017257104,0.04049017,2.4669793,1.538006,-3.8443277
430,1778416125.4768212,0.8978573,-0.017135147,0.14574021,2.460718,1.4077389,-3.914119
431,1778416125.4869432,0.9354814,-0.054942228,0.2684303,2.250275,1.4511104,-4.00132
432,1778416125.4971538,0.9712152,-0.084456146,0.3978281,1.9272798,1.7072157,-4.065003
433,1778416125.507284,1.0055465,-0.12098267,0.44947743,1.65911,1.9981402,-4.123035
434,1778416125.5174127,1.0522565,-0.16000934,0.44953844,1.4370605,2.2719605,-4.168086
435,1778416125.5275643,1.0866487,-0.19269417,0.42917135,1.2597568,2.4851525,-4.183205
436,1778416125.537728,1.0776238,-0.22592781,0.39099842,1.2429581,2.5986207,-4.2281036
437,1778416125.5479043,1.0459757,-0.24361177,0.31142062,1.3684908,2.4785857,-4.2331433
438,1778416125.5580444,0.97999614,-0.21391493,0.27404037,1.6189456,2.2154555,-4.2557454
439,1778416125.5681536,0.8981012,-0.17732742,0.25611252,1.8718438,1.9969184,-4.3209553
440,1778416125.5782707,0.79718065,-0.16702195,0.24672171,2.1355848,1.7096591,-4.3435574
441,1778416125.5884395,0.72760344,-0.17129049,0.27330863,2.3128886,1.5193746,-4.3346996
442,1778416125.5987043,0.7011995,-0.21659799,0.27025968,2.3600779,1.4720325,-4.3180537
443,1778416125.608907,0.6010107,-0.25946635,0.24367274,2.289523,1.4495832,-4.192521
444,1778416125.6190279,0.44002566,-0.30922535,0.14824036,2.1088595,1.4421002,-4.0598106
445,1778416125.6291668,0.32672638,-0.42923236,0.06329638,1.7698293,1.3066407,-3.7948477
446,1778416125.6393015,0.17342475,-0.5407023,0.05866196,1.3768903,1.2087497,-3.3750305
447,1778416125.6495817,-0.057015523,-0.5511907,0.08439517,0.882853,1.2707524,-2.5905268
448,1778416125.6597855,-0.26166162,-0.50862724,0.063235395,0.46196684,1.4760032,-1.599856
449,1778416125.6700613,-0.41636577,-0.6825398,-0.15470415,-0.13347405,1.5836681,0.54260105
450,1778416125.680139,-0.41636577,-0.6825398,-0.15470415,-0.13347405,1.5836681,0.54260105
451,1778416125.6903448,-0.33483663,-0.7277254,-0.30117613,-0.42485678,1.2263119,2.0561724
452,1778416125.7007568,-0.20086539,-0.71388316,-0.39904767,-0.60918534,0.69226307,3.2281175
453,1778416125.7111247,0.08073642,-0.72485936,-0.421427,-0.61437774,-0.17455475,4.430911
454,1778416125.7212155,0.66894144,-0.8035835,-0.31276214,0.04138612,-1.3645202,5.6975403
455,1778416125.7316203,0.66894144,-0.8035835,-0.31276214,0.04138612,-1.3645202,5.6975403
456,1778416125.741952,1.0292064,-0.83047533,-0.20299964,0.700357,-1.8551978,6.243348
457,1778416125.7520862,1.6560113,-0.8052909,-0.034270294,1.1846204,-1.4837917,6.7932796
458,1778416125.7622225,1.797361,-0.71577346,-0.072321296,1.0780244,-1.1406381,6.8450503
459,1778416125.7723758,1.8882198,-0.5862537,-0.085614756,0.74021596,-0.72402805,6.7853384
460,1778416125.782512,1.9362714,-0.5306407,-0.05256404,0.2554944,-0.279929,6.697832
461,1778416125.7926404,1.9362714,-0.43173254,-0.08963938,-0.043066,0.044898596,6.6083403
462,1778416125.8030176,1.9362714,-0.43173254,-0.08963938,-0.21380283,0.2593123,6.3949957
463,1778416125.813211,1.7663226,-0.05963763,-0.2965417,-0.24740042,0.15195273,6.008623
464,1778416125.8234031,1.7663226,-0.05963763,-0.2965417,-0.24740042,0.15195273,6.008623
465,1778416125.8335474,1.6830859,0.07829725,-0.32818988,-0.14660765,-0.11652254,5.564219
466,1778416125.8438013,1.4113019,0.3448372,-0.22464725,0.04627304,-0.45540005,5.0466633
467,1778416125.853955,1.255988,0.3822174,-0.12214127,0.5699373,-1.1872166,3.605174
468,1778416125.8640578,1.0840267,0.42106113,-0.031282313,0.7657196,-1.3077098,3.239571
469,1778416125.8741734,0.97603256,0.42801276,0.00798827,0.9831876,-1.3356569,2.9181032
470,1778416125.884405,0.91554123,0.4763083,-0.014878917,1.087951,-1.3096951,2.707813
471,1778416125.8945222,0.8999306,0.5191157,-0.042807378,1.0021244,-1.282817,2.4775167
472,1778416125.904659,1.0021316,0.5574716,-0.08238286,0.66355234,-1.2038627,2.298686
473,1778416125.9147632,1.0722576,0.61247474,-0.112140685,0.27656925,-1.1534663,2.1459696
474,1778416125.9250271,1.2379991,0.67174655,-0.13744704,-0.18921551,-1.1232284,2.0100522
475,1778416125.9351697,1.4039234,0.71943223,-0.11549455,-0.8523097,-1.0520626,1.8895589
476,1778416125.945532,1.6055815,0.76272744,-0.06786981,-1.5239561,-0.93874717,1.8683313
477,1778416125.9558578,1.8560839,0.86694086,-0.024696562,-2.1184807,-0.8136725,1.9013181
478,1778416125.9659693,2.1312218,1.0145714,0.052198168,-2.540894,-0.66905016,1.7931949
479,1778416125.976096,2.3903224,1.1733612,0.12860507,-2.8354838,-0.46013424,1.4526376
480,1778416125.9862146,2.5679548,1.3186744,0.20684133,-3.0462322,-0.19624045,0.84207773
481,1778416125.9963458,2.7063775,1.3489201,0.27812597,-3.1151073,0.04520403,0.2350304
482,1778416126.0064652,2.8197377,1.2958074,0.36020395,-3.0305026,0.43890667,-0.5128214
483,1778416126.0167546,2.8608377,1.1305537,0.3586185,-2.7603474,0.853226,-1.153619
484,1778416126.0268629,2.8785827,0.96810526,0.28318727,-2.4145975,1.0587822,-1.5140295
485,1778416126.0369873,2.8612034,0.8713923,0.17580293,-1.9776763,1.075581,-1.7460055
486,1778416126.0471272,2.7885163,0.82059664,0.08640748,-1.4146112,0.86498517,-1.9721785
487,1778416126.0574114,2.6771073,0.8027297,0.13366634,-0.9790643,0.65148777,-2.2020166
488,1778416126.0675669,2.5483804,0.7732768,0.22281788,-0.72295904,0.6957755,-2.4565945
489,1778416126.0776734,2.3781266,0.7267497,0.30739596,-0.6302602,0.9980011,-2.702926
490,1778416126.0878515,2.2104948,0.67772245,0.33215353,-0.6044512,1.3946054,-2.915507
491,1778416126.097977,1.9653586,0.57936305,0.28702894,-0.5493206,1.9453003,-3.1795535
492,1778416126.108098,1.7482728,0.49649242,0.19927992,-0.3921755,2.3689353,-3.3677
493,1778416126.1182098,1.472403,0.4072189,0.05055173,-0.18127427,2.5318837,-3.4687984
494,1778416126.1283317,1.2873312,0.34282488,-0.068052754,0.1685988,2.4744625,-3.5176675
495,1778416126.1384528,1.0839046,0.28574836,-0.17244908,0.48517972,2.2617285,-3.5027013
496,1778416126.1485734,0.90322345,0.2614177,-0.22513509,0.90041536,1.907274,-3.5159876
497,1778416126.1587021,0.7660813,0.22928166,-0.24733151,1.2858714,1.5276213,-3.5619552
498,1778416126.1687958,0.6583921,0.2089756,-0.237087,1.5890132,1.1664472,-3.6022723
499,1778416126.1790094,0.5952786,0.19738956,-0.18275456,1.7606664,0.8881981,-3.6227365
500,1778416126.1893904,0.5518005,0.19123067,-0.110555224,1.7524197,0.77488256,-3.6534324
501,1778416126.1996198,0.49332145,0.16318026,-0.013903251,1.6168076,0.8153524,-3.776827
502,1778416126.2097592,0.43545225,0.12043386,0.029879792,1.4121678,0.9816604,-3.955658
503,1778416126.2199414,0.3822174,0.012805625,0.055552024,1.1737776,1.1203269,-4.0986004
504,1778416126.2301872,0.3802661,-0.060247418,0.07835823,1.0160216,1.171945,-4.1386123
505,1778416126.2403712,0.41929275,-0.1630583,0.12604393,0.7328856,1.2421945,-4.1013494
506,1778416126.2505605,0.4499043,-0.19165753,0.21123183,0.52580225,1.3494014,-4.0049853
507,1778416126.2608435,0.45825842,-0.17019285,0.2125124,0.7060075,1.5028812,-4.0272818
508,1778416126.2709641,0.44094035,-0.15988737,0.25044146,0.96577793,1.5424347,-4.044539
509,1778416126.2811139,0.40221858,-0.15214302,0.21361004,1.2096659,1.5893186,-4.0543127
510,1778416126.291248,0.35495973,-0.15811898,0.12183637,1.475545,1.5192219,-3.997044
511,1778416126.3014045,0.32215294,-0.19921893,0.023964813,1.668273,1.3457361,-3.9112175
512,1778416126.3115075,0.29599288,-0.28227258,-0.090737,1.8668042,0.97081757,-3.7253616
513,1778416126.3216107,0.2406238,-0.3096522,-0.13269067,1.8668042,0.97081757,-3.7253616
514,1778416126.331742,0.2406238,-0.3096522,-0.13269067,1.9552269,0.6012441,-3.526067
515,1778416126.341899,0.11909231,-0.3061764,-0.16336319,1.9808832,0.16829337,-3.2626312
516,1778416126.352018,0.047319833,-0.6295489,-0.059942525,1.6668985,-0.44608435,-2.2681427
517,1778416126.3621302,0.047319833,-0.6295489,-0.059942525,1.6668985,-0.44608435,-2.2681427
518,1778416126.3722408,-0.1290929,-0.77132547,0.17403455,0.8703303,-0.06352998,-0.2602286
519,1778416126.3823395,-0.13744704,-0.8360854,0.1920234,0.5849035,0.37858373,0.657291
520,1778416126.3925939,-0.054210484,-0.9732275,0.137569,0.2910773,0.9728029,1.9874501
521,1778416126.4027,0.11665315,-1.0429267,-0.057747275,0.075289145,1.3530666,3.4901786
522,1778416126.4128013,0.2967856,-1.0206083,-0.28038222,-0.027641652,1.3202325,4.6218066
523,1778416126.422907,0.56186205,-1.0168276,-0.47106406,-0.06490443,0.8155051,5.7899337
524,1778416126.433045,1.0021926,-0.9872528,-0.63101244,-0.0106901415,0.15439619,6.5102963
525,1778416126.4431713,1.0021926,-0.9872528,-0.63101244,-0.0106901415,0.15439619,6.5102963
526,1778416126.4533405,1.8477298,-0.831085,-0.43813533,0.123242065,-0.81581056,7.137655
527,1778416126.4634697,2.2615952,-0.6047304,-0.1671439,0.2657264,-1.8342756,8.030435
528,1778416126.4735928,2.458863,-0.3553256,0.06994311,-0.0032070426,-1.46852,8.091215
529,1778416126.4837732,2.5284402,-0.23233064,0.17787623,-0.462425,-0.8605564,7.8291545
530,1778416126.4938912,2.4069695,-0.18098617,0.22958656,-1.1748465,0.041691553,7.4737835
531,1778416126.504013,2.3335507,-0.22050068,0.18488884,-1.7599027,0.75151694,7.143
532,1778416126.5141306,2.3549545,-0.10378654,0.04494165,-1.969735,1.0372492,6.7379966
533,1778416126.5242274,2.268181,0.052442085,-0.102566965,-1.926669,0.97173387,6.4682994
534,1778416126.5344048,2.1259167,0.27129632,-0.17824212,-1.3691018,0.34132096,5.5735345
535,1778416126.5445194,2.1259167,0.27129632,-0.17824212,-0.66156703,-0.18387043,4.9452596
536,1778416126.5546868,1.6958916,0.47905236,-0.01396423,-0.66156703,-0.18387043,4.9452596
537,1778416126.5648093,1.5208814,0.5358849,0.04036821,-0.061391957,-0.6239988,3.9500074
538,1778416126.574945,1.2494022,0.5936932,0.10476221,-0.04444045,-0.6290385,3.460399
539,1778416126.58521,1.1339686,0.6133285,0.11671413,-0.02611449,-0.60994893,3.0980031
540,1778416126.595336,1.0233524,0.71034634,0.080065645,0.06429356,-0.6469063,2.5770876
541,1778416126.6055,0.9399329,0.77614284,0.04542948,0.18921551,-0.8190176,1.9527835
542,1778416126.6156075,0.90541863,0.7601053,0.06366225,0.28221974,-0.97524637,1.511128
543,1778416126.6257231,0.921944,0.7138221,0.08043153,0.35414913,-1.0552697,1.2301298
544,1778416126.6358411,0.96810526,0.6660145,0.06793079,0.34697145,-1.0661125,1.0013609
545,1778416126.6459672,1.0575007,0.629305,0.033233646,0.20204368,-1.0401508,0.81199265
546,1778416126.6562006,1.2170832,0.59838855,-0.007073583,-0.016187929,-0.9810496,0.67103547
547,1778416126.6663136,1.3358096,0.6079623,-0.04988096,-0.27412578,-0.929126,0.56245416
548,1778416126.676444,1.5159422,0.6574164,-0.107750185,-0.6507242,-0.96684694,0.52213705
549,1778416126.6865864,1.7632127,0.7391285,-0.11110405,-1.1001683,-1.0668762,0.52641314
550,1778416126.6968062,2.03457,0.82980454,0.009390792,-1.785559,-1.0560333,0.39019018
551,1778416126.7069297,2.3025734,0.90395516,0.14756958,-2.5124888,-0.7663304,0.06994407
552,1778416126.7170599,2.4777665,0.96981263,0.24769738,-3.006526,-0.39461896,-0.3013093
553,1778416126.7273772,2.5852728,0.99511904,0.2880046,-3.2736268,-0.06154467,-0.63591075
554,1778416126.737505,2.8312018,0.8862712,0.2935537,-3.5248451,0.5908594,-1.3923146
555,1778416126.7476447,2.9990165,0.7169931,0.29544407,-3.44528,0.8579602,-1.7267634
556,1778416126.7577703,3.0439582,0.6252804,0.25885656,-3.18948,1.0711522,-2.1082487
557,1778416126.7678986,2.9720027,0.5955225,0.21989086,-2.8617508,1.1006265,-2.4712553
558,1778416126.7780552,2.8204694,0.5576545,0.24257512,-2.601217,1.073901,-2.7247643
559,1778416126.7882154,2.622409,0.50679785,0.31660384,-2.308307,1.169807,-2.9648345
560,1778416126.7984848,2.420873,0.46027076,0.37941238,-2.0486894,1.4349225,-3.1236594
561,1778416126.8086128,2.2318985,0.44978234,0.41618282,-1.7930422,1.8603901,-3.2798882
562,1778416126.8188848,1.9894454,0.41087765,0.38422972,-1.5523612,2.2438607,-3.4518468
563,1778416126.8290596,1.7402844,0.3451421,0.30672523,-1.1942415,2.6193902,-3.6554177
564,1778416126.8391817,1.5828972,0.2959319,0.24928285,-0.92255926,2.7806585,-3.751018
565,1778416126.8495393,1.3325168,0.20763406,0.12817821,-0.38041633,2.9043589,-3.8382192
566,1778416126.8596642,1.062562,0.12915388,-0.009024917,0.35277468,2.7977629,-3.8444805
567,1778416126.8698645,0.92798096,0.0895784,-0.09726177,0.8394816,2.588847,-3.811799
568,1778416126.880041,0.6771127,0.07390675,-0.23830658,1.9120082,1.7545577,-3.7943895
569,1778416126.8902051,0.6771127,0.07390675,-0.23830658,1.9120082,1.7545577,-3.7943895
570,1778416126.9005742,0.52033526,0.028172374,-0.27391842,2.5448647,0.98990715,-3.9939897
571,1778416126.9110024,0.47313735,-0.017562,-0.2394042,2.6543622,0.68783426,-4.022395
572,1778416126.921114,0.47313735,-0.017562,-0.2394042,2.6543622,0.68783426,-4.022395
573,1778416126.9312303,0.41990253,-0.08165111,-0.14689882,2.6445885,0.45265114,-4.0188823
574,1778416126.9415581,0.39880377,-0.124885336,-0.06433302,2.5187502,0.4801401,-3.9781072
575,1778416126.9516993,0.37221682,-0.21245141,0.0102445,2.0604484,0.8213083,-3.926947
576,1778416126.9618425,0.36630186,-0.26458862,0.0086590415,2.0604484,0.8213083,-3.926947
577,1778416126.9721053,0.3445933,-0.32605562,-0.0069516255,1.7637206,1.0616838,-3.8967094
578,1778416126.9822407,0.30892047,-0.3416053,-0.020367041,1.3428345,1.4078916,-3.7377317
579,1778416126.992466,0.24245316,-0.33093393,-0.053234816,1.3255776,1.4731015,-3.6738963
580,1778416127.0025835,0.14092286,-0.2895291,-0.1012864,1.4401149,1.4434745,-3.6151006
581,1778416127.0126874,0.040429186,-0.25099024,-0.13762999,1.614975,1.3196217,-3.5228598
582,1778416127.0227878,-0.09000525,-0.20568272,-0.20598765,1.9031507,1.0177015,-3.2838588
583,1778416127.032891,-0.10579886,-0.23056222,-0.22958656,2.0069978,0.79045963,-3.076012
584,1778416127.0430036,-0.12421457,-0.24562408,-0.21001224,2.065488,0.39721513,-2.564565
585,1778416127.0532749,-0.12421457,-0.24562408,-0.21001224,2.065488,0.39721513,-2.564565
586,1778416127.063406,-0.117933705,-0.15927759,-0.16238752,1.8490891,-0.2405282,-1.5134187
587,1778416127.0736325,-0.008415125,-0.23281845,-0.073845774,1.4943291,-0.474795,-0.9462303
588,1778416127.0837677,0.07543123,-0.2716012,0.042868353,1.0621419,-0.4625777,-0.25167647
589,1778416127.0938857,0.13031249,-0.25141713,0.16702195,0.7160868,-0.26389378,0.32589662
590,1778416127.1040175,0.1604362,-0.26983282,0.24538018,0.32070425,0.15454891,1.0658071
591,1778416127.1141315,0.26056397,-0.38008317,0.24611193,0.016798794,0.6087272,1.954158
592,1778416127.1244617,0.37508285,-0.4855771,0.18891345,-0.15027285,0.93676186,2.7638597
593,1778416127.1345835,0.53576297,-0.57228947,0.015183813,-0.26190847,1.1691961,3.711159
594,1778416127.144872,0.53576297,-0.57228947,0.015183813,-0.26190847,1.1691961,3.711159
595,1778416127.154986,0.53576297,-0.57228947,0.015183813,-0.26190847,1.1691961,3.711159
596,1778416127.1652853,0.53576297,-0.57228947,0.015183813,-0.26190847,1.1691961,3.711159
597,1778416127.1754177,1.4434378,-0.63034165,-0.3867299,-0.2180789,-1.0096076,6.109416
598,1778416127.1855464,1.6346077,-0.64034224,-0.1864743,-0.29123,-1.2600623,6.3384905
599,1778416127.1957152,1.7746768,-0.64583033,0.035306938,-0.5309946,-1.0596985,6.497926
600,1778416127.205909,1.826631,-0.6787591,0.19001108,-0.9282097,-0.48823404,6.6017733
601,1778416127.2160726,1.9004767,-0.711383,0.240014,-1.3880385,0.26099217,6.7702193
602,1778416127.2261977,1.905721,-0.6617459,0.20421924,-1.7464638,0.8008443,6.8762045
603,1778416127.2363114,1.887732,-0.5712528,0.09183463,-2.0873265,1.1850786,6.9009447
604,1778416127.2464175,1.9294419,-0.48222327,0.011890938,-2.1885774,1.2301298,6.8090096
605,1778416127.2566538,1.9068185,-0.2845288,-0.1015913,-2.0465512,1.0326678,6.456082
606,1778416127.2667766,1.8697432,-0.08287069,-0.18098617,-1.6571246,0.5479461,5.888741
607,1778416127.2769005,1.7830919,0.06433302,-0.21659799,-1.1270463,-0.031612277,5.247485
608,1778416127.2870052,1.7111975,0.14580119,-0.21342708,-0.7476991,-0.48731774,4.7584877
609,1778416127.2971888,1.580458,0.23611133,-0.1764737,-0.36575556,-1.0444268,4.090659
610,1778416127.307384,1.4293517,0.27245492,-0.09878625,-0.24113905,-1.3177891,3.7329974
611,1778416127.3175159,1.3455054,0.3204455,-0.015488708,-0.19853121,-1.4966198,3.3701437
612,1778416127.3276393,1.2519633,0.3825223,0.036953375,-0.25870144,-1.5748106,3.09052
613,1778416127.337837,1.2017775,0.4358181,0.11464083,-0.3817908,-1.587486,2.8053987
614,1778416127.3480258,1.1964723,0.5003341,0.18964522,-0.61498857,-1.4440855,2.4371996
615,1778416127.3581748,1.2362916,0.5491174,0.22470824,-1.0033462,-1.2261592,2.0511327
616,1778416127.368326,1.2612321,0.52429885,0.25105122,-1.457219,-0.93309665,1.6216946
617,1778416127.3784595,1.3209307,0.43014705,0.24605095,-1.866346,-0.6391178,1.2896893
618,1778416127.3885903,1.3747753,0.3793514,0.21989086,-2.1094704,-0.4642576,1.1418599
619,1778416127.3987024,1.4886234,0.3728876,0.17281497,-2.2574525,-0.40546182,1.116509
620,1778416127.4088178,1.6441202,0.46917373,0.14537434,-2.2201898,-0.49739704,1.1221595
621,1778416127.4189398,1.7588221,0.5383241,0.15933856,-2.1229095,-0.6739371,1.0108292
622,1778416127.4290748,1.9755422,0.6504648,0.24373372,-2.07572,-0.7527387,0.8071057
623,1778416127.4392104,2.1151843,0.7431531,0.33989787,-2.0813706,-0.6743952,0.4279111
624,1778416127.4494538,2.2457407,0.7987051,0.40234053,-2.1007655,-0.50671273,0.0870483
625,1778416127.4595559,2.4210558,0.81571835,0.45264837,-2.104736,-0.1957823,-0.35903606
626,1778416127.469869,2.573016,0.74443364,0.45789257,-2.0624337,0.1656972,-0.8410087
627,1778416127.4802153,2.6908276,0.56003267,0.4195977,-1.939039,0.5158757,-1.3116804
628,1778416127.4903834,2.7021089,0.38618106,0.23867247,-1.5344934,0.70646566,-1.7362317
629,1778416127.5004833,2.7021089,0.38618106,0.23867247,-1.5344934,0.70646566,-1.7362317
630,1778416127.5106745,2.6388125,0.4242321,0.22653762,-1.3121386,0.59788436,-1.8768835
631,1778416127.5207775,2.552466,0.46874684,0.29227313,-1.189202,0.5729916,-2.0593793
632,1778416127.5309985,2.4108114,0.48277208,0.41045076,-1.1264355,0.7861836,-2.3446536
633,1778416127.5411777,2.0485342,0.4431966,0.48691866,-1.129948,1.2625058,-2.6106853
634,1778416127.5512998,2.0485342,0.4431966,0.48691866,-1.1268936,1.6036739,-2.7437012
635,1778416127.561444,1.7663226,0.37410718,0.4237442,-1.0325149,2.2472205,-2.9087875
636,1778416127.5716872,1.5708233,0.3536182,0.33703187,-0.8727737,2.6166413,-2.917187
637,1778416127.581819,1.4084358,0.3720339,0.22611076,-0.10751228,2.7896688,-3.0347786
638,1778416127.5919406,1.1574455,0.43374482,0.025306353,0.37934732,2.6169467,-3.1341968
639,1778416127.602042,1.0173155,0.4927117,-0.03725827,1.0488557,2.2815816,-3.324787
640,1778416127.6121483,0.88127095,0.50448066,-0.059698608,1.6699529,1.917506,-3.5848627
641,1778416127.6222737,0.7838872,0.49197996,-0.031038398,2.057394,1.649947,-3.7531562
642,1778416127.6323984,0.68504,0.4642954,-0.008598062,2.4329236,1.4596626,-3.93947
643,1778416127.642772,0.68504,0.4642954,-0.008598062,2.4329236,1.4596626,-3.93947
644,1778416127.6530511,0.6406471,0.41319484,0.0015854583,2.6154196,1.3139712,-4.0405684
645,1778416127.6632648,0.6269878,0.28019926,0.05640573,2.7299569,1.2264647,-4.183816
646,1778416127.673392,0.7260789,0.22708642,0.09677394,2.7621799,1.1768318,-4.3322563
647,1778416127.6835093,0.77724046,0.2280621,0.10092052,2.773481,1.2237158,-4.4388523
648,1778416127.693629,0.8724899,0.19476746,0.06475988,2.773481,1.2237158,-4.4388523
649,1778416127.7038012,0.90596753,0.15958248,0.047319833,2.8852692,1.1337659,-4.8585167
650,1778416127.7139337,0.9326154,0.085980624,0.042807378,2.9530754,1.0283916,-5.0391803
651,1778416127.7241004,0.95584846,-0.019330395,0.053112853,2.9234483,0.93569285,-5.0463576
652,1778416127.7342339,0.95664114,-0.051039565,0.04018527,2.851977,0.8793405,-4.9955034
653,1778416127.7445128,0.91444355,-0.075980045,-0.011098208,2.7391198,0.75945824,-4.9335003
654,1778416127.7549064,0.91444355,-0.075980045,-0.011098208,2.7391198,0.75945824,-4.9335003
655,1778416127.7650359,0.91663885,-0.22233005,-0.08415125,2.510656,0.0804815,-4.945565
656,1778416127.775164,0.83181685,-0.24367274,-0.0734799,2.4162774,-0.17486018,-5.0049715
657,1778416127.785485,0.6895524,-0.32977533,-0.028172374,2.21515,-0.4644103,-4.9446487
658,1778416127.7956872,0.59314436,-0.5347263,0.0658575,1.8727602,-0.62888575,-4.629442
659,1778416127.8058012,0.5105786,-0.68449116,0.19409668,1.4004086,-0.5018258,-4.021326
660,1778416127.8161163,0.38471758,-0.74278724,0.2697718,0.8775079,-0.09101892,-3.172376
661,1778416127.826234,0.22757424,-0.73864067,0.3242872,0.4877759,0.4118759,-2.4078782
662,1778416127.8364468,0.13549572,-0.72492033,0.32648247,0.22342396,0.8368854,-1.8002199
663,1778416127.846553,0.01762298,-0.7254692,0.25300255,-0.18478674,1.5076154,-0.7857254
664,1778416127.8566763,-0.054210484,-0.7452874,0.039880376,-0.5516113,1.9730947,0.47525316
665,1778416127.8667893,-0.07110171,-0.7841921,-0.17629078,-0.75716746,1.9310977,1.6530013
666,1778416127.8770778,-0.04908823,-0.81669396,-0.33379996,-0.8762862,1.4714217,2.8820622
667,1778416127.887208,0.07049192,-0.8901129,-0.45008725,-0.89934635,0.9049969,3.8211148
668,1778416127.8975325,0.28080907,-0.9610317,-0.4679541,-0.8555168,0.11026118,4.9060116
669,1778416127.9076622,0.5232013,-0.99085045,-0.42490283,-0.7800749,-0.6230826,5.8513255
670,1778416127.9177732,0.86553836,-0.95292145,-0.3208724,-0.72097373,-1.075581,6.4446282
671,1778416127.9279282,1.1700683,-0.8798074,-0.19159654,-0.68279463,-1.3976597,6.927059
672,1778416127.9380786,1.32898,-0.8383416,-0.11409202,-0.7115053,-1.4588989,7.1304774
673,1778416127.948216,1.5540541,-0.7753501,0.023781875,-0.8020661,-1.3316863,7.2147765
674,1778416127.9583337,1.6469864,-0.7220543,0.15446024,-1.0490084,-0.8165741,7.2143188
675,1778416127.9684877,1.7868115,-0.652843,0.20263378,-1.3003794,-0.2302962,7.2030177
676,1778416127.9786217,1.8671212,-0.48204032,0.110860124,-1.4512631,0.14446963,7.0667944
677,1778416127.9888875,1.9010255,-0.18891345,-0.032623854,-1.5361733,0.28939742,6.489069
678,1778416127.9990368,1.8076055,0.03237994,-0.09244442,-1.5351044,0.16142114,5.9357777
679,1778416128.0092614,1.651011,0.12805626,-0.070065066,-1.5360206,-0.0571159,5.2430563
680,1778416128.019554,1.5002095,0.15702136,-0.026830835,-1.5322027,-0.20570888,4.74963
681,1778416128.0296893,1.3138571,0.17190027,0.022867188,-1.433548,-0.33307427,4.251775
682,1778416128.0399277,1.173483,0.18123008,0.018964522,-1.1441506,-0.45769078,3.9060252
683,1778416128.050043,1.103601,0.20220692,-0.017379062,-0.9101892,-0.5856671,3.731012
684,1778416128.0602589,1.09171,0.2795895,-0.08396832,-0.441961,-1.0009027,3.3512068
685,1778416128.070406,1.1857399,0.3949011,-0.13512984,-0.03481932,-1.863139,2.8370109
686,1778416128.080514,1.4422792,0.4709421,-0.043600105,-0.09483683,-2.1198552,2.5679247
687,1778416128.090643,1.6469253,0.47386914,0.036343586,-0.3885103,-2.2316434,2.3811526
688,1778416128.101032,1.7831527,0.5227134,0.14061797,-0.73471814,-2.1369593,2.2855523
689,1778416128.1111338,1.9111481,0.6412569,0.24111164,-1.2483032,-1.7421877,2.1200078
690,1778416128.1212392,2.033899,0.737726,0.27995536,-1.8440495,-1.2168436,1.917506
691,1778416128.1315122,2.033899,0.737726,0.27995536,-1.8440495,-1.2168436,1.917506
692,1778416128.141738,2.3136716,0.85700125,0.32050648,-2.3652701,-0.7556403,1.6995798
693,1778416128.1518662,2.3136716,0.85700125,0.32050648,-2.8758008,-0.26816985,1.4300356
694,1778416128.1619916,2.4445329,0.96658075,0.32276276,-3.4490979,0.2919936,1.0267117
695,1778416128.172285,2.5832605,1.0311577,0.26495448,-4.0311,1.0679451,-0.12629639
696,1778416128.1824021,2.611189,0.8859054,0.26275924,-3.929849,1.2289082,-0.6580546
697,1778416128.192599,2.625397,0.72010297,0.2505634,-3.5605807,1.2568552,-0.98471475
698,1778416128.202715,2.611433,0.6610752,0.21062206,-3.1196887,1.1724031,-1.1348349
699,1778416128.2128346,2.581614,0.673271,0.18830366,-2.5320365,0.9388999,-1.3002267
700,1778416128.2230556,2.537038,0.7206518,0.22562292,-2.1210768,0.7724391,-1.4782939
701,1778416128.2331858,2.4402034,0.7628494,0.32007965,-1.7708983,0.7583892,-1.7559321
702,1778416128.243642,2.3192208,0.7664472,0.39642558,-1.5856534,1.0178542,-2.065641
703,1778416128.2537344,2.3192208,0.7664472,0.39642558,-1.5856534,1.0178542,-2.065641
704,1778416128.2638583,2.1195748,0.7174809,0.4475871,-1.5141822,1.3816245,-2.2849414
705,1778416128.2739835,1.6413763,0.56161815,0.31459153,-1.2652546,2.3232732,-2.6849055
706,1778416128.2841055,1.4123995,0.50746864,0.17470531,-0.929126,2.5300512,-2.8005116
707,1778416128.2942622,1.2550733,0.4785645,0.03146525,-0.505491,2.5011878,-2.8770225
708,1778416128.3045464,1.091954,0.48521125,-0.113421254,0.3042109,2.0916026,-2.9433014
709,1778416128.3146634,1.0020707,0.4920409,-0.15494807,0.88361657,1.7421877,-3.0230193
710,1778416128.324841,0.96725154,0.4856381,-0.19123067,1.5106697,1.2696834,-3.1279354
711,1778416128.3349774,0.9128582,0.5374094,-0.17921777,1.9963076,0.8483391,-3.3266194
712,1778416128.345085,0.85322046,0.55460554,-0.13043444,2.1923954,0.6795876,-3.5075881
713,1778416128.3552175,0.75906867,0.5119811,-0.033538543,2.300213,0.59696805,-3.8489091
714,1778416128.3653219,0.6776615,0.4004502,0.007866313,2.2117903,0.70952,-4.1464005
715,1778416128.3755386,0.5961933,0.2962978,0.03506302,2.0189097,0.882853,-4.360814
716,1778416128.385646,0.54082423,0.18373023,0.026221042,1.7997618,1.0323622,-4.5246787
717,1778416128.3957684,0.52064013,0.044331856,0.036343586,1.5723672,1.1349876,-4.639827
718,1778416128.4058976,0.53015286,-0.07799236,0.04189269,1.3578007,1.1806498,-4.652197
719,1778416128.4160507,0.55930096,-0.19251123,0.07506536,1.1983649,1.1948525,-4.593096
720,1778416128.4261668,0.5618011,-0.24751444,0.10024975,1.0647382,1.2197452,-4.5048256
721,1778416128.4363043,0.57271636,-0.29050475,0.0717115,0.9601275,1.1757629,-4.3962445
722,1778416128.446409,0.57613117,-0.30416408,0.06841862,0.95905846,1.1058189,-4.333936
723,1778416128.456528,0.5375314,-0.30611542,0.052015226,1.0247264,0.97035944,-4.2331433
724,1778416128.4666307,0.49143112,-0.3100181,0.011342125,1.119716,0.7696902,-4.086383
725,1778416128.4767609,0.43270817,-0.31837222,-0.032623854,1.2005029,0.50518554,-3.8600576
726,1778416128.4868975,0.4105727,-0.33934906,-0.06597946,1.2169963,0.17715092,-3.5914295
727,1778416128.497125,0.36611894,-0.26336902,-0.1086039,1.1633929,-0.17470746,-3.4029775
728,1778416128.5072827,0.32654345,-0.21318316,-0.14037405,1.0677924,-0.50946164,-3.3168457
729,1778416128.5175111,0.3134939,-0.3480691,-0.06945527,0.7675522,-0.80680025,-3.0818152
730,1778416128.527641,0.25483194,-0.430208,0.018781584,0.27107146,-0.8883508,-2.5728116
731,1778416128.5378215,0.1674488,-0.45923412,0.09031015,-0.14248432,-0.7797695,-2.0131063
732,1778416128.5479484,0.077382565,-0.49813882,0.12153149,-0.463494,-0.5403103,-1.3866642
733,1778416128.558065,0.05549104,-0.6706489,0.108055085,-0.763887,-0.19333886,-0.45081854
734,1778416128.5683393,0.10756725,-0.8745022,0.08329754,-1.0128145,0.12308934,0.80878556
735,1778416128.5784748,0.16982698,-0.90450394,-0.011098208,-1.1656836,0.31978795,2.2629502
736,1778416128.588597,0.31806734,-0.85084236,-0.19488941,-1.1656836,0.31978795,2.2629502
737,1778416128.598718,0.46380752,-0.82925564,-0.30111513,-1.0567969,-0.13362677,4.4525967
738,1778416128.6090422,0.8281581,-0.8015102,-0.43350092,-0.80481493,-0.75945824,5.262757
739,1778416128.619333,1.0854292,-0.77059376,-0.46966153,-0.53786683,-1.2962561,5.708383
740,1778416128.629478,1.4180095,-0.71961516,-0.45130682,-0.2658791,-1.9187278,6.098726
741,1778416128.6396174,1.6822323,-0.63961047,-0.29513916,-0.2773328,-2.3504567,6.4249277
742,1778416128.6497316,1.8312043,-0.58424145,-0.083480485,-0.6204864,-2.3544273,6.6804223
743,1778416128.6598542,1.9079163,-0.5520444,0.20013362,-1.0125091,-1.96271,6.8010683
744,1778416128.6699681,1.920112,-0.529787,0.37166804,-1.4466816,-1.100321,6.91194
745,1778416128.6801445,1.9215146,-0.46258798,0.33819047,-1.672549,-0.2078469,6.971805
746,1778416128.6903856,1.9767008,-0.3460568,0.13391025,-1.6638442,0.21670444,6.8682632
747,1778416128.7005095,2.0501807,0.018964522,-0.12195834,-1.459357,0.071776666,6.284887
748,1778416128.7107549,1.9990191,0.2614177,-0.2973954,-1.2961034,-0.3755294,5.5362716
749,1778416128.7208862,1.7494314,0.3383734,-0.16025324,-0.97402465,-1.7093537,3.9428296
750,1778416128.73103,1.5673475,0.30824968,0.06780884,-0.5757405,-2.098933,3.355941
751,1778416128.7414544,1.5673475,0.30824968,0.06780884,-0.2275473,-2.1044307,2.9975157
752,1778416128.7515569,1.2023262,0.28556544,0.27166218,0.13148874,-1.8497,2.6015224
753,1778416128.761665,1.2023262,0.28556544,0.27166218,0.13148874,-1.8497,2.6015224
754,1778416128.7718003,1.0143884,0.26269826,0.22922069,0.3118467,-1.5648841,2.2844832
755,1778416128.7819068,0.94310385,0.3316657,0.08604161,-0.07009678,-1.054048,1.8791742
756,1778416128.7920609,1.0003633,0.37831476,0.016464375,-0.07009678,-1.054048,1.8791742
757,1778416128.8021646,1.0639645,0.3708753,-0.031892106,-0.88056225,-0.9109528,1.4091134
758,1778416128.8124194,1.1908622,0.30977416,-0.05286894,-1.2837334,-0.86666507,1.2235631
759,1778416128.8225605,1.2876362,0.2935537,-0.08427321,-1.505172,-0.851088,1.1523973
760,1778416128.8326674,1.4220952,0.34892282,-0.123055965,-1.6719382,-0.9334021,1.0181596
761,1778416128.8428419,1.4220952,0.34892282,-0.123055965,-1.7423404,-1.0149527,0.93431836
762,1778416128.852938,1.8090689,0.47594243,-0.0892735,-1.8477147,-1.0386237,0.84971356
763,1778416128.8631966,1.8090689,0.47594243,-0.0892735,-2.1335995,-1.054048,0.6568329
764,1778416128.873291,2.127868,0.7729719,-0.10634767,-2.5297456,-1.10139,0.35964692
765,1778416128.8833835,2.2443383,0.8896251,0.01750102,-3.1925344,-1.0170907,-0.22082779
766,1778416128.8934608,2.321477,0.8507814,0.14830133,-3.8858666,-0.61559945,-0.883922
767,1778416128.9036784,2.3906274,0.68363744,0.20159712,-4.427246,-0.051923547,-1.3730724
768,1778416128.9138658,2.3906274,0.68363744,0.20159712,-4.427246,-0.051923547,-1.3730724
769,1778416128.9242573,2.5375261,0.49167505,0.046527103,-4.7925434,0.6302602,-1.668273
770,1778416128.934387,2.6031399,0.5665574,-0.017866896,-4.753448,0.51053065,-1.8070921
771,1778416128.9445665,2.6005175,0.6447937,0.091102876,-4.6688433,0.3013093,-2.0896173
772,1778416128.9546707,2.56954,0.6572335,0.21470766,-4.6550984,0.29993483,-2.2770002
773,1778416128.964778,2.56954,0.6572335,0.21470766,-4.6550984,0.29993483,-2.2770002
774,1778416128.9748874,2.2233005,0.6474158,0.54149497,-4.6983175,1.3289373,-2.7241535
775,1778416128.985162,2.048839,0.6524161,0.55186146,-4.6205845,1.9170479,-2.81334
776,1778416128.9952939,1.8132766,0.6446108,0.43167153,-4.349208,2.519819,-2.9657507
777,1778416129.0054686,1.6198506,0.60546213,0.2900779,-3.8366919,2.7592783,-3.0439415
778,1778416129.015597,1.4223391,0.5835096,0.1829375,-3.1166344,2.716823,-3.0647109
779,1778416129.02571,1.3013564,0.5726553,0.07939488,-2.4275784,2.5357015,-3.0767756
780,1778416129.035812,1.1978748,0.5900954,-0.03609967,-1.4987578,2.1122193,-3.1086931
781,1778416129.0459259,1.0915881,0.6041206,-0.13598356,-0.9503536,1.7762434,-3.1488576
782,1778416129.0560598,0.96566606,0.6099746,-0.17494924,-0.15149458,1.2195925,-3.2433891
783,1778416129.066173,0.81199855,0.59790075,-0.19184047,0.5305365,0.7489208,-3.4185545
784,1778416129.0763464,0.6909549,0.5608864,-0.20769504,0.8368854,0.53023106,-3.5969272
785,1778416129.086465,0.620463,0.50338304,-0.23964813,0.95142263,0.43295074,-3.7291796
786,1778416129.0965943,0.5615572,0.42825672,-0.2915414,0.948521,0.32452217,-3.843106
787,1778416129.106716,0.5332628,0.35764283,-0.2725159,0.7703011,0.26633725,-3.9122865
788,1778416129.1169295,0.5186888,0.3070301,-0.24495333,0.5697846,0.3203988,-3.988492
789,1778416129.1271114,0.5172863,0.23251356,-0.2045851,0.302531,0.45814893,-4.099517
790,1778416129.137412,0.5307017,0.13208087,-0.19915795,0.057421334,0.6065892,-4.193437
791,1778416129.1475577,0.5422877,0.054637335,-0.19482844,-0.10873401,0.70402217,-4.244292
792,1778416129.1576734,0.54826367,-0.0127446465,-0.23190376,-0.21685717,0.76251256,-4.3018656
793,1778416129.1678526,0.5505809,-0.14153264,-0.29196826,-0.26282477,0.68310004,-4.366312
794,1778416129.1779861,0.52015233,-0.2180615,-0.3001395,-0.20051652,0.5271767,-4.3463063
795,1778416129.1881108,0.4786255,-0.24483135,-0.30806676,-0.07360926,0.40698898,-4.3171372
796,1778416129.1984694,0.40026724,-0.24928285,-0.37246075,0.18509217,0.2041817,-4.295604
797,1778416129.2086499,0.2930049,-0.21287827,-0.4885651,0.50701815,-0.14844026,-4.288274
798,1778416129.2188373,0.22184221,-0.20860973,-0.57735074,0.74479747,-0.63346726,-4.2449026
799,1778416129.2290936,0.19043794,-0.2587956,-0.6007668,0.93615097,-1.389413,-4.0717225
800,1778416129.2392344,0.15208204,-0.27965048,-0.5557031,0.9558514,-1.970804,-3.8256962
801,1778416129.249406,0.04884431,-0.25013652,-0.46210015,0.75991637,-2.6714664,-3.3573153
802,1778416129.2595396,0.005488125,-0.28696796,-0.3591063,0.5685628,-2.928488,-3.0572278
803,1778416129.2696617,-0.006890646,-0.38361996,-0.18043736,0.09865474,-3.182608,-2.339461
804,1778416129.2799022,-0.0219525,-0.38355896,0.095920235,-0.5511532,-3.0327933,-1.1753048
805,1778416129.2902484,-0.054210484,-0.28672403,0.25257573,-1.0236574,-2.5329528,-0.1910481
806,1778416129.3003776,-0.040917024,-0.23836756,0.3150184,-1.3371841,-2.0787745,0.5861252
807,1778416129.310486,0.19714566,-0.23605035,0.35203275,-1.6662877,-1.1959214,2.46759
808,1778416129.3206203,0.19714566,-0.23605035,0.35203275,-1.6662877,-1.1959214,2.46759
809,1778416129.3307865,0.36197233,-0.14860623,0.24141651,-1.5906931,-0.93783087,3.3298264
810,1778416129.340893,0.7485803,-0.078480184,-0.11842154,-0.9746355,-1.4848607,4.235587
811,1778416129.3511994,0.7485803,-0.078480184,-0.11842154,-0.9746355,-1.4848607,4.235587
812,1778416129.3613303,0.8271825,-0.078663126,-0.18586451,-0.7307475,-1.8770362,4.348902
813,1778416129.3714654,0.921944,-0.1314101,-0.21263437,-0.31887165,-2.5630379,4.4587054
814,1778416129.3815625,1.1294562,-0.34252,0.114701815,-0.13622294,-3.1306844,5.224578
815,1778416129.3916838,1.2300718,-0.3314218,0.32636052,-0.6197228,-2.7275133,5.767026
816,1778416129.4018297,1.3074543,-0.3029445,0.47088113,-1.2437216,-2.0906863,6.077651
817,1778416129.411953,1.4019111,-0.25422215,0.51789606,-2.1471913,-1.1039863,6.246097
818,1778416129.422059,1.4707565,-0.14189851,0.40752378,-2.9118419,-0.28939742,6.088494
819,1778416129.432172,1.4669758,0.006890646,0.20086539,-3.3089044,0.065973446,5.6085067
820,1778416129.442279,1.4669758,0.006890646,0.20086539,-3.3089044,0.065973446,5.6085067
821,1778416129.4523804,1.2153758,0.08396832,-0.114823766,-2.9200885,-0.7965683,4.2329907
822,1778416129.462521,1.2153758,0.08396832,-0.114823766,-2.9200885,-0.7965683,4.2329907
823,1778416129.4726403,1.1049424,0.033477563,-0.06256463,-2.3260221,-1.5658003,3.7939312
824,1778416129.482746,0.9060894,-0.07817529,0.33672696,-0.9812023,-2.413834,3.5124753
825,1778416129.4930367,0.8847468,-0.020976834,0.41965863,-0.84131414,-2.2047653,3.4281757
826,1778416129.503182,0.8479763,0.06683317,0.44167212,-1.0519099,-1.7851009,3.2363641
827,1778416129.5133436,0.813584,0.15946053,0.4378304,-1.4146112,-1.3875804,2.999501
828,1778416129.5235114,0.8204747,0.2119026,0.34264195,-1.9782871,-0.9288206,2.6461155
829,1778416129.5336056,0.84023196,0.2695889,0.19385278,-2.4736989,-0.7706065,2.2621868
830,1778416129.543724,0.8677945,0.22842796,0.07530928,-2.7462974,-0.8837693,2.0040963
831,1778416129.5538259,0.8677945,0.22842796,0.07530928,-2.9465084,-1.2722796,1.8550451
832,1778416129.564058,1.045,0.02201348,0.029148044,-3.008206,-1.5396858,1.9104811
833,1778416129.5741808,1.045,0.02201348,0.029148044,-3.008206,-1.5396858,1.9104811
834,1778416129.584316,1.7343695,0.13744704,0.28611428,-3.2742376,-2.165059,2.9717066
835,1778416129.594433,2.1171968,0.43124464,0.38654694,-3.5399642,-1.9416351,3.0799825
836,1778416129.6045566,2.3690407,0.6739418,0.44594067,-3.9434407,-1.4584408,2.7165177
837,1778416129.614676,2.575882,0.8980402,0.48173544,-4.320497,-0.93431836,2.1875083
838,1778416129.624799,2.6924744,0.9603609,0.48143053,-4.7384815,-0.20616703,1.4512631
839,1778416129.6349127,2.710768,0.89352775,0.4598439,-5.046816,0.49373183,0.8914051
840,1778416129.6450427,2.6954012,0.83206075,0.44130626,-5.1415,0.8584184,0.68111473
841,1778416129.6551483,2.6929622,0.74278724,0.3878885,-5.099045,1.3405437,0.52106804
842,1778416129.665344,2.7349155,0.72943276,0.30751795,-4.813618,1.587486,0.52595496
843,1778416129.675473,2.745831,0.8281581,0.21641506,-4.349208,1.6464345,0.46517387
844,1778416129.685577,2.6889982,0.9435306,0.11915329,-3.8179078,1.508379,0.1928807
845,1778416129.6957037,2.6889982,0.9435306,0.11915329,-3.8179078,1.508379,0.1928807
846,1778416129.7058065,2.576065,1.0206083,0.11079915,-3.16642,1.2308935,-0.25213462
847,1778416129.7159393,2.2850723,1.0220108,0.20092636,-2.3258693,1.1453724,-0.8248208
848,1778416129.7260826,2.072743,0.99139935,0.15665549,-1.921782,1.2744176,-1.1259774
849,1778416129.736265,1.9084041,0.9552996,0.0670161,-1.6106989,1.3498595,-1.3639094
850,1778416129.7463841,1.7160757,0.9147485,-0.05945469,-1.3796391,1.3196217,-1.5289958
851,1778416129.7565935,1.5963737,0.8971865,-0.11293342,-1.1499538,1.2255484,-1.6769779
852,1778416129.7667067,1.458012,0.9124313,-0.10323773,-0.9230174,1.1505647,-1.864208
853,1778416129.7768342,1.3570914,0.92657846,-0.1156165,-0.72295904,1.1446087,-2.1108449
854,1778416129.7869692,1.2362916,0.9124313,-0.18220575,-0.5306892,1.1108584,-2.400395
855,1778416129.797163,1.1556772,0.8856615,-0.21287827,-0.3866777,1.0436633,-2.645352
856,1778416129.8073046,1.0257305,0.84035397,-0.2403189,-0.22464569,0.9137017,-2.9727757
857,1778416129.8174465,0.9124923,0.75949556,-0.24812423,-0.10216721,0.7501425,-3.256828
858,1778416129.8275878,0.83004844,0.69089395,-0.23184279,-0.04505131,0.6302602,-3.4190128
859,1778416129.837792,0.755349,0.61345047,-0.22141537,0.024129177,0.51893,-3.5876117
860,1778416129.8480036,0.7271156,0.55698377,-0.19177948,0.08170322,0.38591412,-3.6997054
861,1778416129.8581214,0.70248,0.49911448,-0.12756842,0.11789699,0.30848694,-3.7931678
862,1778416129.8682697,0.71248055,0.45880726,-0.06951625,0.14156802,0.3107777,-3.8521163
863,1778416129.878442,0.7576662,0.4355132,0.008293167,0.16676621,0.39736784,-3.932903
864,1778416129.8885717,0.78309447,0.44185504,0.020306062,0.21395555,0.559858,-4.1583123
865,1778416129.8986876,0.8084008,0.4091702,0.02628202,0.27382034,0.6221663,-4.393801
866,1778416129.9089413,0.81571835,0.32928753,0.05640573,0.3529274,0.6603453,-4.6465464
867,1778416129.919083,0.82925564,0.22013481,0.073540874,0.49434268,0.69806623,-4.84126
868,1778416129.9295259,0.8061446,0.13921544,0.06683317,0.6737844,0.6536258,-4.9373183
869,1778416129.9396672,0.7700449,0.088114895,0.08183405,0.82711154,0.5502369,-4.957324
870,1778416129.9499822,0.7240667,0.013598354,0.08537084,1.0494665,0.37308595,-4.9292245
871,1778416129.9602346,0.690772,-0.032745812,0.07408969,1.2154691,0.23823744,-4.876079
872,1778416129.9703655,0.59460783,-0.13366634,-0.004695396,1.5474744,-0.20005837,-4.6476154
873,1778416129.98057,0.5556422,-0.26971084,-0.032440916,1.7412714,-0.816116,-4.3237042
874,1778416129.9906788,0.4113045,-0.33648303,0.15970443,1.7249308,-1.7553213,-3.4709363
875,1778416130.0007741,0.4113045,-0.33648303,0.15970443,1.7249308,-1.7553213,-3.4709363
876,1778416130.0110583,0.2365382,-0.32861674,0.37727812,1.0793989,-1.7901406,-2.731484
877,1778416130.0211573,0.13061738,-0.40587732,0.46905175,0.54137933,-1.4023939,-2.1700988
878,1778416130.031308,0.13061738,-0.40587732,0.46905175,0.12644911,-0.97417736,-1.5694655
879,1778416130.0415478,0.014574022,-0.42868355,0.46283188,0.12644911,-0.97417736,-1.5694655
880,1778416130.0517187,-0.12153149,-0.42100018,0.3538621,-0.5703954,-0.16646078,0.33399057
881,1778416130.0619736,-0.12153149,-0.42100018,0.3538621,-0.5703954,-0.16646078,0.33399057
882,1778416130.0721014,-0.0951275,-0.44453815,0.2911755,-0.6936375,0.02611449,0.8775079
883,1778416130.082225,0.09726177,-0.4778937,0.010915271,-0.8935431,0.17852537,2.6380215
884,1778416130.0923545,0.19793838,-0.47527164,-0.11689706,-0.84574294,-0.0012217305,3.1586316
885,1778416130.1024885,0.31916496,-0.5185059,-0.22269592,-0.7098254,-0.33475417,3.7158933
886,1778416130.1126852,0.43844023,-0.56795996,-0.31428665,-0.52549684,-0.74082685,4.2004623
887,1778416130.1228216,0.53009194,-0.6120479,-0.38051,-0.42363504,-1.1368202,4.5378127
888,1778416130.1329641,0.65814817,-0.6852839,-0.37861964,-0.39477167,-1.6423112,4.9356384
889,1778416130.1430678,0.81510854,-0.76120293,-0.25227082,-0.52198434,-1.9694295,5.390275
890,1778416130.153166,0.91560215,-0.7858995,-0.14397182,-0.69989884,-2.002111,5.6967764
891,1778416130.1635375,0.91560215,-0.7858995,-0.14397182,-0.69989884,-2.002111,5.6967764
892,1778416130.1736507,1.0808557,-0.7686424,0.03280679,-1.1800389,-1.7737999,6.194937
893,1778416130.1839294,1.428498,-0.5925346,0.2595883,-2.562427,-0.40332377,6.7798405
894,1778416130.194045,1.5405777,-0.39240095,0.18013246,-2.9454396,0.043829583,6.660722
895,1778416130.2041678,1.5314918,-0.21867129,0.045856334,-3.1961997,0.2405282,6.227924
896,1778416130.2142925,1.4480723,-0.13823977,0.004817354,-3.1465669,0.078343466,5.6961656
897,1778416130.224632,1.3586159,-0.12683667,0.06299148,-2.840829,-0.23335053,5.272989
898,1778416130.2349167,1.3674577,-0.09896919,0.12793429,-2.4608707,-0.45142943,5.065753
899,1778416130.2450857,1.3386147,0.038051,0.14860623,-1.8932241,-0.60048056,4.780784
900,1778416130.2552233,1.3413587,0.12811723,0.086285524,-1.4850134,-0.77534074,4.4669523
901,1778416130.2653327,1.3672138,0.21141478,0.05408852,-1.132086,-1.0861185,4.1497602
902,1778416130.2754648,1.3672138,0.21141478,0.05408852,-1.132086,-1.0861185,4.1497602
903,1778416130.2855716,1.5261257,0.53015286,0.11238461,-0.29764408,-1.8411479,3.1235068
904,1778416130.2958624,1.6263144,0.6450986,0.11958014,-0.14110987,-2.0254765,2.6187794
905,1778416130.3059785,1.7484558,0.6421716,0.17458336,-0.12186762,-2.130698,2.0641136
906,1778416130.3162127,1.8860856,0.57155776,0.23720895,-0.3239113,-1.9704986,1.7776178
907,1778416130.3263621,2.0143857,0.6035718,0.23507468,-0.7458665,-1.616044,1.7127135
908,1778416130.3365068,2.1259778,0.70918775,0.19952384,-1.1759156,-1.2964088,1.6966782
909,1778416130.3466232,2.3059273,0.8727339,0.14970386,-1.7731891,-0.914618,1.5599971
910,1778416130.356746,2.4218485,0.9330422,0.11384811,-2.2695172,-0.64660084,1.257008
911,1778416130.366913,2.6007614,0.9728616,0.10372557,-2.764776,-0.38713586,0.82924956
912,1778416130.3770347,2.669302,1.0264623,0.1367153,-3.3522758,-0.017562376,0.20922135
913,1778416130.3871567,2.6061277,1.0382923,0.16458277,-3.9019017,0.4978552,-0.59330285
914,1778416130.3973691,2.5134394,0.9063333,0.20269476,-4.1383066,0.84757555,-1.0285443
915,1778416130.4074895,2.4126408,0.7168101,0.20129223,-4.258036,1.2388347,-1.3435981
916,1778416130.4176016,2.3486736,0.57588726,0.1454963,-4.179998,1.4398094,-1.4101825
917,1778416130.42771,2.3284285,0.5572886,0.11207971,-3.9891028,1.3810136,-1.3411547
918,1778416130.4378202,2.2955608,0.60905993,0.1323248,-3.650378,1.159575,-1.2959507
919,1778416130.4479427,2.238728,0.70040673,0.22879384,-3.2838588,0.9815077,-1.4234687
920,1778416130.458062,2.186103,0.72254217,0.30574957,-3.0079005,0.9654725,-1.5926784
921,1778416130.4682713,2.0554247,0.7458362,0.4666126,-2.7356074,1.1110111,-1.7505871
922,1778416130.4783747,1.8518153,0.7603492,0.57771665,-2.35794,1.529912,-1.9532416
923,1778416130.4885464,1.6299732,0.7098585,0.5693625,-1.8191566,2.1456642,-2.1693351
924,1778416130.4987617,1.4157534,0.62845135,0.47697908,-1.3972015,2.4604125,-2.2624922
925,1778416130.5089762,1.2202542,0.564911,0.31367683,-0.7698429,2.6235135,-2.3357959
926,1778416130.5191636,1.0703673,0.5443001,0.18842563,-0.020616703,2.5179865,-2.4376578
927,1778416130.5295389,0.91700476,0.5158838,0.05049075,0.65500027,2.2899811,-2.5488353
928,1778416130.5397017,0.8148646,0.48112562,-0.07390675,1.5018122,1.8596265,-2.6571112
929,1778416130.5499911,0.71943223,0.48447952,-0.14360595,2.2973115,1.3799446,-2.7710376
930,1778416130.5603254,0.6504648,0.49076036,-0.18812074,2.8603766,1.0404562,-2.9202414
931,1778416130.5704794,0.59863245,0.480028,-0.21854934,3.2765284,0.74021596,-3.093727
932,1778416130.580587,0.4355742,0.4220978,-0.24531919,3.506672,0.21166481,-3.6694674
933,1778416130.5906913,0.34056866,0.3272142,-0.20159712,3.254079,0.079107046,-3.8701367
934,1778416130.6009865,0.34056866,0.3272142,-0.20159712,3.254079,0.079107046,-3.8701367
935,1778416130.6111581,0.20818289,0.17251006,-0.10433535,2.5230262,0.15668693,-3.9826887
936,1778416130.6212876,0.2180615,0.09317617,-0.051344458,2.1025982,0.2759584,-3.8852556
937,1778416130.6314168,0.26922303,0.11323831,0.029087063,1.736079,0.41554108,-3.7394116
938,1778416130.641527,0.26922303,0.11323831,0.029087063,1.736079,0.41554108,-3.7394116
939,1778416130.651787,0.39331564,0.16732684,0.05945469,1.3469579,0.70707655,-3.7571268
940,1778416130.6618967,0.4422819,0.240014,0.09726177,1.1986703,0.7464773,-3.820504
941,1778416130.672096,0.4422819,0.240014,0.09726177,1.1986703,0.7464773,-3.820504
942,1778416130.6824114,0.43972078,0.2994687,0.11390909,1.1418599,0.7780896,-3.9434407
943,1778416130.6925397,0.39776713,0.20501198,0.15013072,1.0600039,0.57344973,-3.9894083
944,1778416130.7026916,0.42898846,0.14025208,0.18641332,0.9653198,0.36178493,-3.7588065
945,1778416130.7128313,0.512164,0.10323773,0.24519724,0.82253003,0.18768835,-3.4968982
946,1778416130.722961,0.5341775,0.15360652,0.32995826,0.57009,0.027641652,-3.1667254
947,1778416130.7331958,0.5428975,0.16738781,0.40813357,0.27580565,-0.093767814,-2.9352076
948,1778416130.7433546,0.5924126,0.023781875,0.5172863,-0.06078109,-0.07971791,-2.627026
949,1778416130.753522,0.59674215,-0.09976192,0.6459523,-0.34773505,0.14385876,-2.2175937
950,1778416130.763627,0.5798509,-0.1153116,0.68308866,-0.5888741,0.47219884,-1.6629279
951,1778416130.773726,0.55649585,-0.06506477,0.6721733,-0.75533485,0.89919364,-0.84207773
952,1778416130.7838266,0.58448535,-0.042807378,0.60284007,-0.75533485,0.89919364,-0.84207773
953,1778416130.7939646,0.65095264,-0.0757971,0.46905175,-0.6020077,1.4897476,0.8017606
954,1778416130.8040888,0.68766207,-0.12012896,0.25708818,-0.35063666,1.5406022,1.5407549
955,1778416130.8142211,0.6913818,-0.13561767,0.04896627,-0.13729197,1.329701,2.131767
956,1778416130.824346,0.7188834,-0.14970386,-0.17580293,0.17180584,0.7867944,2.9133692
957,1778416130.8344648,0.7704108,-0.16025324,-0.304408,0.48563787,0.12186762,3.6335793
958,1778416130.8447,0.895662,-0.19312102,-0.36544815,0.7131852,-0.34238997,4.0931025
959,1778416130.8548281,1.0443293,-0.20507295,-0.45057508,0.9130908,-0.8402451,4.4806967
960,1778416130.864942,1.1249437,-0.2174517,-0.50185853,0.97326106,-1.158964,4.615392
961,1778416130.8750958,1.2106194,-0.2920902,-0.4856381,0.8717047,-1.4453071,4.706564
962,1778416130.8852015,1.3002588,-0.4103288,-0.36075276,0.5374087,-1.4651603,4.8812714
963,1778416130.8953202,1.3373951,-0.47929627,-0.22233005,0.024740042,-1.1945469,5.1375294
964,1778416130.9055989,1.3354439,-0.5054563,-0.1214705,-0.42821655,-0.84711736,5.3788214
965,1778416130.915776,1.3781902,-0.51021266,-0.063235395,-0.95447695,-0.34956762,5.7077723
966,1778416130.925888,1.4336202,-0.40026724,-0.13122717,-1.2982414,0.027488936,5.9284472
967,1778416130.936125,1.4154484,-0.25123417,-0.21769562,-1.3997977,0.09666943,5.930738
968,1778416130.9462519,1.4356326,-0.10116444,-0.23031832,-1.3521502,-0.027794369,5.795431
969,1778416130.9565113,1.381605,0.11872645,-0.21440275,-1.1632402,-0.21838433,5.3736286
970,1778416130.966629,1.3249553,0.26403978,-0.21025616,-0.9599747,-0.4185954,4.8440084
971,1778416130.9768736,1.194216,0.40356013,-0.19745055,-0.6569856,-0.7449502,4.0329323
972,1778416130.9870255,1.0417681,0.41496322,-0.17263202,-0.25305092,-1.1429288,3.2867606
973,1778416130.997193,0.8778561,0.37770495,-0.09738373,0.20463985,-1.5387696,2.8301387
974,1778416131.0074956,0.75888574,0.37209487,-0.020001167,0.6073528,-1.8040378,2.6164885
975,1778416131.0176077,0.6413179,0.39618164,0.046892982,0.816116,-1.89918,2.554333
976,1778416131.0277352,0.6010107,0.45002624,0.13330047,0.86452705,-1.8777997,2.535396
977,1778416131.0378494,0.6727832,0.5553983,0.21074401,0.6107125,-1.6291776,2.4857633
978,1778416131.0480053,0.7189444,0.65144044,0.23092812,0.22632557,-1.3087788,2.3125832
979,1778416131.0581324,0.83754885,0.8238286,0.20263378,-0.3933972,-0.8773552,1.9475911
980,1778416131.0682619,0.90426004,0.86267227,0.17397358,-0.92057395,-0.5537493,1.5764905
981,1778416131.0783935,1.0060953,0.80010766,0.10195717,-1.4891367,-0.20830505,1.1580478
982,1778416131.0886347,1.0661598,0.7585198,0.050917607,-1.8037324,-0.08964448,0.93019503
983,1778416131.098767,1.2133635,0.6905281,-0.00804925,-1.9135354,-0.13362677,0.77213365
984,1778416131.1089382,1.4008744,0.69376,-0.03506302,-1.7687603,-0.35995236,0.82909685
985,1778416131.119063,1.6969284,0.81791353,0.034087352,-1.5015068,-0.7629707,0.9799806
986,1778416131.1292522,1.9952384,1.0114005,0.14513041,-1.3014483,-1.0259482,0.8686504
987,1778416131.1394274,2.3223917,1.1742148,0.27721128,-1.2108877,-1.0748174,0.3746131
988,1778416131.1495457,2.5350869,1.211778,0.38075393,-1.2001975,-0.9195049,-0.2284636
989,1778416131.1597037,2.713573,1.100613,0.44057447,-1.2351695,-0.63361996,-0.85047716
990,1778416131.169814,2.8725457,0.8616966,0.45941702,-1.2789991,-0.28496864,-1.3170254
991,1778416131.1800148,3.0239568,0.5944249,0.44490403,-1.2971723,0.15042557,-1.5816828
992,1778416131.1901045,2.973954,0.48136955,0.44045252,-1.0856602,0.7835874,-1.9095647
993,1778416131.2001915,2.8868148,0.450819,0.46575886,-0.86926126,1.0345002,-2.1206186
994,1778416131.2104423,2.8868148,0.450819,0.46575886,-0.86926126,1.0345002,-2.1206186
995,1778416131.2205458,2.557954,0.4019137,0.5173473,-0.26984972,1.711339,-2.5024095
996,1778416131.2306457,2.3217208,0.36837515,0.465454,0.059101213,1.9639318,-2.6338983
997,1778416131.2409606,2.3217208,0.36837515,0.465454,0.059101213,1.9639318,-2.6338983
998,1778416131.251128,2.087195,0.33331212,0.3799612,0.959822,2.2110267,-2.957046
999,1778416131.2612612,1.8293141,0.31142062,0.2886144,0.959822,2.2110267,-2.957046
